year,state,DEMOCRAT,OTHER,REPUBLICAN,TOTAL,DEMOCRAT_%,REPUBLICAN_%,OTHER_%,Winner,Winner_%,Loser_%
1976,ALABAMA,659170.0,19610.0,504070.0,1182850.0,0.5572726888447394,0.42614870862746757,0.016578602527793043,DEMOCRAT,0.5572726888447394,0.42614870862746757
1976,ALASKA,44058.0,7961.0,71555.0,123574.0,0.3565313091750692,0.5790457539611893,0.06442293686374156,REPUBLICAN,0.5790457539611893,0.3565313091750692
1976,ARIZONA,295602.0,28475.0,418642.0,742719.0,0.39799978188251545,0.5636613577948053,0.03833886032267924,REPUBLICAN,0.5636613577948053,0.39799978188251545
1976,ARKANSAS,498604.0,1028.0,267903.0,767535.0,0.6496172812966184,0.3490433661005687,0.001339352602812901,DEMOCRAT,0.6496172812966184,0.3490433661005687
1976,CALIFORNIA,3742284.0,179242.0,3882244.0,7803770.0,0.47954821836112543,0.4974831395594693,0.02296864207940521,REPUBLICAN,0.4974831395594693,0.47954821836112543
1976,COLORADO,460801.0,36361.0,584278.0,1081440.0,0.4260994599792869,0.5402777777777777,0.033622762242935346,REPUBLICAN,0.5402777777777777,0.4260994599792869
1976,CONNECTICUT,647895.0,19199.0,719261.0,1386355.0,0.46733700964038793,0.5188144450735923,0.013848545286019814,REPUBLICAN,0.5188144450735923,0.46733700964038793
1976,DELAWARE,122461.0,3401.0,109780.0,235642.0,0.5196908870235357,0.46587620203529084,0.014432910941173474,DEMOCRAT,0.5196908870235357,0.46587620203529084
1976,DISTRICT OF COLUMBIA,137818.0,3139.0,27873.0,168830.0,0.8163122667772316,0.16509506604276492,0.018592667180003554,DEMOCRAT,0.8163122667772316,0.16509506604276492
1976,FLORIDA,1636000.0,45100.0,1469531.0,3150631.0,0.5192610623078361,0.46642434483758966,0.014314592854574211,DEMOCRAT,0.5192610623078361,0.46642434483758966
1976,GEORGIA,979409.0,0.0,483743.0,1463152.0,0.6693829485931742,0.3306170514068258,0.0,DEMOCRAT,0.6693829485931742,0.3306170514068258
1976,HAWAII,147375.0,3923.0,140003.0,291301.0,0.5059199934088795,0.48061283689379714,0.013467169697323388,DEMOCRAT,0.5059199934088795,0.48061283689379714
1976,IDAHO,126549.0,10232.0,204151.0,340932.0,0.37118545633733413,0.5988026937923104,0.030011849870355378,REPUBLICAN,0.5988026937923104,0.37118545633733413
1976,ILLINOIS,2271295.0,85718.0,2364269.0,4721282.0,0.48107590268914247,0.5007684353529401,0.018155661957917364,REPUBLICAN,0.5007684353529401,0.48107590268914247
1976,INDIANA,1014714.0,21690.0,1183958.0,2220362.0,0.45700385792947273,0.5332274647107094,0.009768677359817903,REPUBLICAN,0.5332274647107094,0.45700385792947273
1976,IOWA,619931.0,26508.0,632864.0,1279303.0,0.48458496540694423,0.49469437654722925,0.020720658045826516,REPUBLICAN,0.49469437654722925,0.48458496540694423
1976,KANSAS,430421.0,24672.0,502752.0,957845.0,0.44936393675385894,0.5248782423043394,0.025757820941801648,REPUBLICAN,0.5248782423043394,0.44936393675385894
1976,KENTUCKY,615717.0,19573.0,531852.0,1167142.0,0.5275424926872652,0.45568748275702525,0.016770024555709587,DEMOCRAT,0.5275424926872652,0.45568748275702525
1976,LOUISIANA,661365.0,28572.0,587446.0,1277383.0,0.5177499622274604,0.45988243150253294,0.022367606270006724,DEMOCRAT,0.5177499622274604,0.45988243150253294
1976,MAINE,232279.0,14369.0,236320.0,482968.0,0.480940766261947,0.489307780225605,0.02975145351244803,REPUBLICAN,0.489307780225605,0.480940766261947
1976,MARYLAND,759612.0,0.0,672661.0,1432273.0,0.5303541992343639,0.46964580076563617,0.0,DEMOCRAT,0.5303541992343639,0.46964580076563617
1976,MASSACHUSETTS,1429475.0,87807.0,1030276.0,2547558.0,0.5611157822510813,0.40441709276098914,0.034467124987929615,DEMOCRAT,0.5611157822510813,0.40441709276098914
1976,MICHIGAN,1696714.0,61134.0,1893742.0,3651590.0,0.46465074118397737,0.518607510700818,0.01674174811520461,REPUBLICAN,0.518607510700818,0.46465074118397737
1976,MINNESOTA,1070440.0,60096.0,819395.0,1949931.0,0.5489630145887213,0.4202174333348206,0.03081955207645809,DEMOCRAT,0.5489630145887213,0.4202174333348206
1976,MISSISSIPPI,381329.0,20215.0,366846.0,768390.0,0.4962701232447065,0.4774216218326631,0.026308254922630434,DEMOCRAT,0.4962701232447065,0.4774216218326631
1976,MISSOURI,998387.0,27770.0,927443.0,1953600.0,0.5110498566748567,0.47473536036036035,0.014214782964782964,DEMOCRAT,0.5110498566748567,0.47473536036036035
1976,MONTANA,149259.0,5772.0,173703.0,328734.0,0.4540418697183741,0.5283998612860246,0.017558268995601308,REPUBLICAN,0.5283998612860246,0.4540418697183741
1976,NEBRASKA,233293.0,14237.0,359219.0,606749.0,0.38449671940126806,0.5920388826351588,0.023464397963573077,REPUBLICAN,0.5920388826351588,0.38449671940126806
1976,NEVADA,92479.0,8124.0,101273.0,201876.0,0.4580980403812241,0.5016594345043492,0.04024252511442668,REPUBLICAN,0.5016594345043492,0.4580980403812241
1976,NEW HAMPSHIRE,147645.0,6047.0,185935.0,339627.0,0.43472692100451377,0.5474682519352113,0.017804827060274947,REPUBLICAN,0.5474682519352113,0.43472692100451377
1976,NEW JERSEY,1444653.0,60131.0,1509688.0,3014472.0,0.4792391503387658,0.500813409446165,0.019947440215069175,REPUBLICAN,0.500813409446165,0.4792391503387658
1976,NEW MEXICO,201148.0,4023.0,211419.0,416590.0,0.4828440433039679,0.5074989798122854,0.00965697688374661,REPUBLICAN,0.5074989798122854,0.4828440433039679
1976,NEW YORK,3244165.0,598184.0,2825913.0,6668262.0,0.4865083285569763,0.4237855381207277,0.08970613332229598,DEMOCRAT,0.4865083285569763,0.4237855381207277
1976,NORTH CAROLINA,927365.0,8581.0,741960.0,1677906.0,0.5526918671248569,0.4421940204040036,0.005114112471139623,DEMOCRAT,0.5526918671248569,0.4421940204040036
1976,NORTH DAKOTA,136078.0,7546.0,153684.0,297308.0,0.4577004318753616,0.5169184818437446,0.02538108628089389,REPUBLICAN,0.5169184818437446,0.4577004318753616
1976,OHIO,2009959.0,99871.0,2000626.0,4110456.0,0.4889868666639419,0.48671631565938184,0.024296817676676262,DEMOCRAT,0.4889868666639419,0.48671631565938184
1976,OKLAHOMA,532442.0,14101.0,545708.0,1092251.0,0.48747220190231,0.4996177618514426,0.012910036246247428,REPUBLICAN,0.4996177618514426,0.48747220190231
1976,OREGON,490407.0,47349.0,492120.0,1029876.0,0.47618062757069785,0.4778439346096035,0.045975437819698685,REPUBLICAN,0.4778439346096035,0.47618062757069785
1976,PENNSYLVANIA,2328677.0,86506.0,2205604.0,4620787.0,0.5039567935072532,0.4773221531310575,0.018721053361689253,DEMOCRAT,0.5039567935072532,0.4773221531310575
1976,RHODE ISLAND,227636.0,1699.0,181249.0,410584.0,0.5544200455935935,0.4414419461060343,0.004138008300372153,DEMOCRAT,0.5544200455935935,0.4414419461060343
1976,SOUTH CAROLINA,450807.0,5627.0,346149.0,802583.0,0.5616951766982355,0.43129371043244125,0.007011112869323172,DEMOCRAT,0.5616951766982355,0.43129371043244125
1976,SOUTH DAKOTA,147068.0,2105.0,151505.0,300678.0,0.48912125263570994,0.5038779026067753,0.007000844757514684,REPUBLICAN,0.5038779026067753,0.48912125263570994
1976,TENNESSEE,825879.0,16498.0,633969.0,1476346.0,0.5594074830696869,0.4294176297426213,0.011174887187691775,DEMOCRAT,0.5594074830696869,0.4294176297426213
1976,TEXAS,2082319.0,36265.0,1953300.0,4071884.0,0.511389568072175,0.4797042351894111,0.008906196738413962,DEMOCRAT,0.511389568072175,0.4797042351894111
1976,UTAH,182110.0,21200.0,337908.0,541218.0,0.3364817873758818,0.6243473055219892,0.0391709071021289,REPUBLICAN,0.6243473055219892,0.3364817873758818
1976,VERMONT,77798.0,5717.0,100387.0,183902.0,0.42304053245750456,0.5458722580504834,0.03108720949201205,REPUBLICAN,0.5458722580504834,0.42304053245750456
1976,VIRGINIA,813896.0,46644.0,836554.0,1697094.0,0.47958215632133516,0.4929332140706408,0.02748462960802407,REPUBLICAN,0.4929332140706408,0.47958215632133516
1976,WASHINGTON,717323.0,60479.0,777732.0,1555534.0,0.46114260440466104,0.49997749968821,0.038879895907129,REPUBLICAN,0.49997749968821,0.46114260440466104
1976,WEST VIRGINIA,435864.0,0.0,314726.0,750590.0,0.5806951864533234,0.4193048135466766,0.0,DEMOCRAT,0.5806951864533234,0.4193048135466766
1976,WISCONSIN,1040232.0,56117.0,1004987.0,2101336.0,0.4950336357441171,0.4782609730190698,0.02670539123681315,DEMOCRAT,0.4950336357441171,0.4782609730190698
1976,WYOMING,62239.0,1387.0,92717.0,156343.0,0.39809265525159426,0.5930358250769142,0.008871519671491529,REPUBLICAN,0.5930358250769142,0.39809265525159426
1980,ALABAMA,636730.0,51007.0,654192.0,1341929.0,0.47448859067804633,0.4875012016284021,0.038010207693551595,REPUBLICAN,0.4875012016284021,0.47448859067804633
1980,ALASKA,41842.0,30491.0,86112.0,158445.0,0.2640790179557575,0.5434819653507527,0.19243901669348987,REPUBLICAN,0.5434819653507527,0.2640790179557575
1980,ARIZONA,246843.0,97414.0,529688.0,873945.0,0.28244683589928427,0.6060884838290739,0.1114646802716418,REPUBLICAN,0.6060884838290739,0.28244683589928427
1980,ARKANSAS,398041.0,36377.0,403164.0,837582.0,0.4752263062004675,0.4813427222648051,0.043430971534727345,REPUBLICAN,0.4813427222648051,0.4752263062004675
1980,CALIFORNIA,3082943.0,977001.0,4522994.0,8582938.0,0.35919436910764124,0.5269750288304541,0.11383060206190468,REPUBLICAN,0.5269750288304541,0.35919436910764124
1980,COLORADO,368009.0,164177.0,652264.0,1184450.0,0.3107003250453797,0.5506893494871037,0.13861032546751656,REPUBLICAN,0.5506893494871037,0.3107003250453797
1980,CONNECTICUT,541732.0,187343.0,677210.0,1406285.0,0.3852220566954778,0.4815595700729226,0.13321837323159957,REPUBLICAN,0.4815595700729226,0.3852220566954778
1980,DELAWARE,105754.0,18662.0,111252.0,235668.0,0.4487414498362103,0.47207087937267683,0.07918767079111293,REPUBLICAN,0.47207087937267683,0.4487414498362103
1980,DISTRICT OF COLUMBIA,130231.0,20345.0,23313.0,173889.0,0.7489317898199426,0.134068284940393,0.11699992523966439,DEMOCRAT,0.7489317898199426,0.134068284940393
1980,FLORIDA,1419475.0,220501.0,2046951.0,3686927.0,0.38500219830769633,0.5551916270650328,0.0598061746272709,REPUBLICAN,0.5551916270650328,0.38500219830769633
1980,GEORGIA,890955.0,51682.0,654168.0,1596805.0,0.5579610534786652,0.409673065903476,0.032365880617858785,DEMOCRAT,0.5579610534786652,0.409673065903476
1980,HAWAII,135879.0,37296.0,130112.0,303287.0,0.4480211812573569,0.42900618885741887,0.12297262988522423,DEMOCRAT,0.4480211812573569,0.42900618885741887
1980,IDAHO,110192.0,36540.0,290699.0,437431.0,0.25190715792890767,0.6645596676961624,0.08353317437492999,REPUBLICAN,0.6645596676961624,0.25190715792890767
1980,ILLINOIS,1981413.0,410259.0,2358049.0,4749721.0,0.41716408184817594,0.49646052894475273,0.08637538920707132,REPUBLICAN,0.49646052894475273,0.41716408184817594
1980,INDIANA,844197.0,142180.0,1255656.0,2242033.0,0.3765319243739945,0.5600524167128673,0.0634156589131382,REPUBLICAN,0.5600524167128673,0.3765319243739945
1980,IOWA,508672.0,132963.0,676026.0,1317661.0,0.3860416298273987,0.5130500181761469,0.10090835199645433,REPUBLICAN,0.5130500181761469,0.3860416298273987
1980,KANSAS,326150.0,86833.0,566812.0,979795.0,0.33287575462214036,0.578500604718334,0.08862364065952572,REPUBLICAN,0.578500604718334,0.33287575462214036
1980,KENTUCKY,617417.0,42936.0,635274.0,1295627.0,0.4765391582608266,0.4903216743707873,0.03313916736838612,REPUBLICAN,0.4903216743707873,0.4765391582608266
1980,LOUISIANA,708453.0,47285.0,792853.0,1548591.0,0.45748231779727505,0.5119834740095996,0.030534208193125235,REPUBLICAN,0.5119834740095996,0.45748231779727505
1980,MAINE,220974.0,63515.0,238522.0,523011.0,0.42250354199051265,0.45605541757247936,0.12144104043700801,REPUBLICAN,0.45605541757247936,0.42250354199051265
1980,MARYLAND,726161.0,133729.0,680606.0,1540496.0,0.4713812953749961,0.44180965091762653,0.08680905370737736,DEMOCRAT,0.4713812953749961,0.44180965091762653
1980,MASSACHUSETTS,1053802.0,412657.0,1057631.0,2524090.0,0.41749779128319514,0.41901477364119344,0.16348743507561142,REPUBLICAN,0.41901477364119344,0.41749779128319514
1980,MICHIGAN,1661532.0,332968.0,1915225.0,3909725.0,0.42497413500949555,0.48986181892588354,0.08516404606462091,REPUBLICAN,0.48986181892588354,0.42497413500949555
1980,MINNESOTA,954173.0,224475.0,873268.0,2051916.0,0.4650156244212726,0.4255866224543305,0.10939775312439691,DEMOCRAT,0.4650156244212726,0.4255866224543305
1980,MISSISSIPPI,429281.0,21380.0,441089.0,891750.0,0.48139164564059433,0.49463302495093914,0.023975329408466497,REPUBLICAN,0.49463302495093914,0.48139164564059433
1980,MISSOURI,931182.0,94461.0,1074181.0,2099824.0,0.4434571659339068,0.511557635306578,0.04498519875951508,REPUBLICAN,0.511557635306578,0.4434571659339068
1980,MONTANA,118032.0,39106.0,206814.0,363952.0,0.32430650195630195,0.5682452631116192,0.10744823493207896,REPUBLICAN,0.5682452631116192,0.32430650195630195
1980,NEBRASKA,166424.0,53895.0,419214.0,639533.0,0.2602273846697512,0.6555001852914548,0.08427243003879394,REPUBLICAN,0.6555001852914548,0.2602273846697512
1980,NEVADA,66666.0,22009.0,155017.0,243692.0,0.2735666332912037,0.6361185430789685,0.09031482362982782,REPUBLICAN,0.6361185430789685,0.2735666332912037
1980,NEW HAMPSHIRE,108864.0,53421.0,221705.0,383990.0,0.28350738300476575,0.5773718065574625,0.13912081043777183,REPUBLICAN,0.5773718065574625,0.28350738300476575
1980,NEW JERSEY,1147364.0,281763.0,1546557.0,2975684.0,0.3855799204485422,0.5197315978443948,0.09468848170706298,REPUBLICAN,0.5197315978443948,0.3855799204485422
1980,NEW MEXICO,167826.0,37632.0,250779.0,456237.0,0.36784828937591646,0.5496682645204137,0.0824834461036698,REPUBLICAN,0.5496682645204137,0.36784828937591646
1980,NEW YORK,2728372.0,835887.0,2637700.0,6201959.0,0.4399209991552669,0.4253011024419865,0.13477789840274662,DEMOCRAT,0.4399209991552669,0.4253011024419865
1980,NORTH CAROLINA,875635.0,65180.0,915018.0,1855833.0,0.47182855353903075,0.49304975178262267,0.035121694678346596,REPUBLICAN,0.49304975178262267,0.47182855353903075
1980,NORTH DAKOTA,79189.0,28232.0,193695.0,301116.0,0.262985029025359,0.6432570836488264,0.09375788732581464,REPUBLICAN,0.6432570836488264,0.262985029025359
1980,OHIO,1752414.0,324644.0,2206545.0,4283603.0,0.40909813537809175,0.5151142624561613,0.07578760216574693,REPUBLICAN,0.5151142624561613,0.40909813537809175
1980,OKLAHOMA,402026.0,52112.0,695570.0,1149708.0,0.3496766135401337,0.6049970949145348,0.04532629154533151,REPUBLICAN,0.6049970949145348,0.3496766135401337
1980,OREGON,456890.0,153582.0,571044.0,1181516.0,0.3866981065004621,0.48331465676300617,0.1299872367365317,REPUBLICAN,0.48331465676300617,0.3866981065004621
1980,PENNSYLVANIA,1937540.0,362089.0,2261872.0,4561501.0,0.4247593062020594,0.49586134037896734,0.07937935341897327,REPUBLICAN,0.49586134037896734,0.4247593062020594
1980,RHODE ISLAND,198342.0,62832.0,154793.0,415967.0,0.4768214786269103,0.3721280774676837,0.15105044390540595,DEMOCRAT,0.4768214786269103,0.3721280774676837
1980,SOUTH CAROLINA,428220.0,20761.0,439277.0,888258.0,0.4820896631384125,0.4945376230779796,0.023372713783607914,REPUBLICAN,0.4945376230779796,0.4820896631384125
1980,SOUTH DAKOTA,103855.0,25505.0,198343.0,327703.0,0.3169180630021696,0.605252316884496,0.07782962011333433,REPUBLICAN,0.605252316884496,0.3169180630021696
1980,TENNESSEE,783051.0,46804.0,787761.0,1617616.0,0.4840771851910466,0.48698887745917446,0.028933937349778935,REPUBLICAN,0.48698887745917446,0.4840771851910466
1980,TEXAS,1881147.0,149784.0,2510705.0,4541636.0,0.414200301389191,0.5528195126161586,0.032980185994650385,REPUBLICAN,0.5528195126161586,0.414200301389191
1980,UTAH,124266.0,40199.0,439687.0,604152.0,0.20568664839311962,0.7277754604801441,0.06653789112673632,REPUBLICAN,0.7277754604801441,0.20568664839311962
1980,VERMONT,81952.0,36719.0,94628.0,213299.0,0.3842118340920492,0.4436401483363729,0.17214801757157794,REPUBLICAN,0.4436401483363729,0.3842118340920492
1980,VIRGINIA,752174.0,124249.0,989609.0,1866032.0,0.40308740686118993,0.5303279900880585,0.06658460305075155,REPUBLICAN,0.5303279900880585,0.40308740686118993
1980,WASHINGTON,650193.0,226957.0,865244.0,1742394.0,0.3731607202504141,0.4965834363525127,0.13025584339707322,REPUBLICAN,0.4965834363525127,0.3731607202504141
1980,WEST VIRGINIA,367462.0,36047.0,334206.0,737715.0,0.49810834807479853,0.45302860860901567,0.04886304331618579,DEMOCRAT,0.49810834807479853,0.45302860860901567
1980,WISCONSIN,981584.0,202792.0,1088845.0,2273221.0,0.4318031550825899,0.47898774470234085,0.08920910021506928,REPUBLICAN,0.47898774470234085,0.4318031550825899
1980,WYOMING,49427.0,16586.0,110700.0,176713.0,0.27970211586018007,0.6264394809663126,0.09385840317350733,REPUBLICAN,0.6264394809663126,0.27970211586018007
1984,ALABAMA,551899.0,16965.0,872849.0,1441713.0,0.38280781265064545,0.6054249354760621,0.011767251873292396,REPUBLICAN,0.6054249354760621,0.38280781265064545
1984,ALASKA,62007.0,7221.0,138377.0,207605.0,0.29867777751017555,0.666539823221984,0.034782399267840367,REPUBLICAN,0.666539823221984,0.29867777751017555
1984,ARIZONA,333854.0,10627.0,681416.0,1025897.0,0.32542643169830887,0.6642148285841561,0.010358739717534995,REPUBLICAN,0.6642148285841561,0.32542643169830887
1984,ARKANSAS,338646.0,10986.0,534774.0,884406.0,0.38290785001458605,0.6046702532547269,0.012421896730687037,REPUBLICAN,0.6046702532547269,0.38290785001458605
1984,CALIFORNIA,3922519.0,115513.0,5467009.0,9505041.0,0.41267775699231596,0.5751694285169312,0.012152814490752855,REPUBLICAN,0.5751694285169312,0.41267775699231596
1984,COLORADO,454975.0,18588.0,821817.0,1295380.0,0.3512289830011271,0.6344215596967685,0.014349457302104402,REPUBLICAN,0.6344215596967685,0.3512289830011271
1984,CONNECTICUT,569597.0,6426.0,890877.0,1466900.0,0.3882998159383734,0.6073195173495126,0.004380666712113982,REPUBLICAN,0.6073195173495126,0.3882998159383734
1984,DELAWARE,101656.0,726.0,152190.0,254572.0,0.3993212136448627,0.5978269409047342,0.0028518454504030295,REPUBLICAN,0.5978269409047342,0.3993212136448627
1984,DISTRICT OF COLUMBIA,180408.0,1871.0,29009.0,211288.0,0.853848775131574,0.137296013024876,0.008855211843550035,DEMOCRAT,0.853848775131574,0.137296013024876
1984,FLORIDA,1448816.0,885.0,2730350.0,4180051.0,0.3466024696827862,0.653185810412361,0.00021171990485283553,REPUBLICAN,0.653185810412361,0.3466024696827862
1984,GEORGIA,706628.0,753.0,1068722.0,1776103.0,0.3978530524412154,0.6017229856601785,0.00042396189860610564,REPUBLICAN,0.6017229856601785,0.3978530524412154
1984,HAWAII,147154.0,3642.0,185050.0,335846.0,0.43815915627996166,0.5509965877217534,0.010844255998284928,REPUBLICAN,0.5509965877217534,0.43815915627996166
1984,IDAHO,108510.0,5111.0,297523.0,411144.0,0.2639221294728854,0.723646702858366,0.012431167668748662,REPUBLICAN,0.723646702858366,0.2639221294728854
1984,ILLINOIS,2086499.0,25486.0,2707103.0,4819088.0,0.43296553206747834,0.5617459154097206,0.0052885525228009945,REPUBLICAN,0.5617459154097206,0.43296553206747834
1984,INDIANA,841481.0,14358.0,1377230.0,2233069.0,0.3768271378985602,0.6167431458678617,0.006429716233578094,REPUBLICAN,0.6167431458678617,0.3768271378985602
1984,IOWA,605620.0,11097.0,703088.0,1319805.0,0.4588708180375131,0.5327211216808544,0.008408060281632514,REPUBLICAN,0.5327211216808544,0.4588708180375131
1984,KANSAS,333149.0,11546.0,677296.0,1021991.0,0.32598036577621525,0.66272207876586,0.011297555457924777,REPUBLICAN,0.66272207876586,0.32598036577621525
1984,KENTUCKY,539539.0,8104.0,821702.0,1369345.0,0.39401246581394755,0.6000693762346231,0.005918157951429333,REPUBLICAN,0.6000693762346231,0.39401246581394755
1984,LOUISIANA,651586.0,17937.0,1037299.0,1706822.0,0.38175392630280136,0.6077370692433072,0.010509004453891501,REPUBLICAN,0.6077370692433072,0.38175392630280136
1984,MAINE,214515.0,2129.0,336500.0,553144.0,0.3878104074165136,0.6083406852465181,0.003848907336968312,REPUBLICAN,0.6083406852465181,0.3878104074165136
1984,MARYLAND,787935.0,8020.0,879918.0,1675873.0,0.4701639086016661,0.5250505259050059,0.004785565493327955,REPUBLICAN,0.5250505259050059,0.4701639086016661
1984,MASSACHUSETTS,1239606.0,8841.0,1310936.0,2559383.0,0.4843378267340214,0.5122078250890938,0.0034543481768848196,REPUBLICAN,0.5122078250890938,0.4843378267340214
1984,MICHIGAN,1529638.0,20449.0,2251571.0,3801658.0,0.4023607594370667,0.5922602717025045,0.005378968860428792,REPUBLICAN,0.5922602717025045,0.4023607594370667
1984,MINNESOTA,1036364.0,15482.0,1032603.0,2084449.0,0.49718846563288427,0.49538415187898577,0.007427382488129956,DEMOCRAT,0.49718846563288427,0.49538415187898577
1984,MISSISSIPPI,352192.0,6535.0,582377.0,941104.0,0.3742328159268264,0.6188232118873154,0.006943972185858311,REPUBLICAN,0.6188232118873154,0.3742328159268264
1984,MISSOURI,848583.0,0.0,1274188.0,2122771.0,0.39975249332122964,0.6002475066787704,0.0,REPUBLICAN,0.6002475066787704,0.39975249332122964
1984,MONTANA,146742.0,5185.0,232450.0,384377.0,0.381765818454278,0.6047448208399566,0.013489360705765433,REPUBLICAN,0.6047448208399566,0.381765818454278
1984,NEBRASKA,187866.0,4170.0,460054.0,652090.0,0.28809826864389887,0.7055069085555675,0.0063948228005336685,REPUBLICAN,0.7055069085555675,0.28809826864389887
1984,NEVADA,91655.0,2292.0,188770.0,282717.0,0.32419345140193195,0.6676995016217631,0.008107046976304927,REPUBLICAN,0.6676995016217631,0.32419345140193195
1984,NEW HAMPSHIRE,120347.0,1507.0,267050.0,388904.0,0.30945168987719335,0.6866733178367926,0.003874992286014029,REPUBLICAN,0.6866733178367926,0.30945168987719335
1984,NEW JERSEY,1261323.0,22909.0,1933630.0,3217862.0,0.3919754793710855,0.6009051973018109,0.007119323327103524,REPUBLICAN,0.6009051973018109,0.3919754793710855
1984,NEW MEXICO,201769.0,5500.0,307101.0,514370.0,0.392264323347007,0.5970429846219647,0.010692692031028248,REPUBLICAN,0.5970429846219647,0.392264323347007
1984,NEW YORK,3001285.0,429006.0,3376519.0,6806810.0,0.4409238688901262,0.49605013214707033,0.06302599896280343,REPUBLICAN,0.49605013214707033,0.4409238688901262
1984,NORTH CAROLINA,824287.0,4593.0,1346481.0,2175361.0,0.37891963678672186,0.6189689895148437,0.0021113736984344207,REPUBLICAN,0.6189689895148437,0.37891963678672186
1984,NORTH DAKOTA,104429.0,4206.0,200336.0,308971.0,0.33798964951403204,0.6483974224118121,0.013612928074155827,REPUBLICAN,0.6483974224118121,0.33798964951403204
1984,OHIO,1825440.0,59236.0,2678559.0,4563235.0,0.40003199484576185,0.5869868634861014,0.012981141668136749,REPUBLICAN,0.5869868634861014,0.40003199484576185
1984,OKLAHOMA,385080.0,9066.0,861530.0,1255676.0,0.30667146620625063,0.6861085184394701,0.007220015354279289,REPUBLICAN,0.6861085184394701,0.30667146620625063
1984,OREGON,536479.0,4348.0,685700.0,1226527.0,0.43739681230009614,0.559058218856984,0.003544968842919887,REPUBLICAN,0.559058218856984,0.43739681230009614
1984,PENNSYLVANIA,2228131.0,32449.0,2584323.0,4844903.0,0.45989176666694875,0.5334106792230928,0.006697554109958445,REPUBLICAN,0.5334106792230928,0.45989176666694875
1984,RHODE ISLAND,197106.0,1303.0,212080.0,410489.0,0.4801736465532572,0.5166520905554107,0.0031742628913320452,REPUBLICAN,0.5166520905554107,0.4801736465532572
1984,SOUTH CAROLINA,344459.0,8531.0,615539.0,968529.0,0.3556517151267541,0.6355400819180427,0.0088082029552032,REPUBLICAN,0.6355400819180427,0.3556517151267541
1984,SOUTH DAKOTA,116113.0,1487.0,200267.0,317867.0,0.365287997810405,0.6300339450147389,0.004678057174856151,REPUBLICAN,0.6300339450147389,0.365287997810405
1984,TENNESSEE,711714.0,10067.0,990212.0,1711993.0,0.4157224941924412,0.5783972247550078,0.005880281052551032,REPUBLICAN,0.5783972247550078,0.4157224941924412
1984,TEXAS,1949276.0,14867.0,3433428.0,5397571.0,0.36113948292667203,0.636106129961051,0.0027543871122769855,REPUBLICAN,0.636106129961051,0.36113948292667203
1984,UTAH,155369.0,5182.0,469105.0,629656.0,0.246752194849251,0.7450179145438144,0.00822989060693458,REPUBLICAN,0.7450179145438144,0.246752194849251
1984,VERMONT,95730.0,2966.0,135865.0,234561.0,0.408124112704158,0.579230988953833,0.012644898342009115,REPUBLICAN,0.579230988953833,0.408124112704158
1984,VIRGINIA,796250.0,13307.0,1337078.0,2146635.0,0.3709293848278818,0.622871610683698,0.006199004488420249,REPUBLICAN,0.622871610683698,0.3709293848278818
1984,WASHINGTON,798352.0,24888.0,1051670.0,1874910.0,0.42580817212559535,0.5609175907110208,0.013274237163383842,REPUBLICAN,0.5609175907110208,0.42580817212559535
1984,WEST VIRGINIA,328125.0,2134.0,405483.0,735742.0,0.44597834567008543,0.551121181066189,0.0029004732637255993,REPUBLICAN,0.551121181066189,0.44597834567008543
1984,WISCONSIN,995740.0,17365.0,1198584.0,2211689.0,0.4502170060980545,0.5419315283477921,0.007851465554153409,REPUBLICAN,0.5419315283477921,0.4502170060980545
1984,WYOMING,53370.0,2357.0,133241.0,188968.0,0.28242877100884806,0.7050982176876508,0.012473011303501123,REPUBLICAN,0.7050982176876508,0.28242877100884806
1988,ALABAMA,549506.0,13394.0,815576.0,1378476.0,0.39863298309147205,0.5916504893810266,0.009716527527501385,REPUBLICAN,0.5916504893810266,0.39863298309147205
1988,ALASKA,72584.0,8281.0,119251.0,200116.0,0.362709628415519,0.595909372563913,0.04138099902056807,REPUBLICAN,0.595909372563913,0.362709628415519
1988,ARIZONA,454029.0,15303.0,702541.0,1171873.0,0.387438741228785,0.5995026764845679,0.013058582286647103,REPUBLICAN,0.5995026764845679,0.387438741228785
1988,ARKANSAS,349237.0,11923.0,466578.0,827738.0,0.4219173216645847,0.563678361993771,0.014404316341644336,REPUBLICAN,0.563678361993771,0.4219173216645847
1988,CALIFORNIA,4702233.0,129915.0,5054917.0,9887065.0,0.4755944256460335,0.5112656789451673,0.013139895408799274,REPUBLICAN,0.5112656789451673,0.4755944256460335
1988,COLORADO,621453.0,22764.0,728177.0,1372394.0,0.45282404324122666,0.5305888833673129,0.01658707339146047,REPUBLICAN,0.5305888833673129,0.45282404324122666
1988,CONNECTICUT,676584.0,16569.0,750241.0,1443394.0,0.4687451936200372,0.5197756122029051,0.011479194177057684,REPUBLICAN,0.5197756122029051,0.4687451936200372
1988,DELAWARE,108647.0,1605.0,139639.0,249891.0,0.4347775630174756,0.5587996366415757,0.006422800340948653,REPUBLICAN,0.5587996366415757,0.4347775630174756
1988,DISTRICT OF COLUMBIA,159407.0,5880.0,27590.0,192877.0,0.8264697190437429,0.1430445309705149,0.03048574998574221,DEMOCRAT,0.8264697190437429,0.1430445309705149
1988,FLORIDA,1656701.0,26727.0,2618885.0,4302313.0,0.3850721693191546,0.6087155908926198,0.006212239788225543,REPUBLICAN,0.6087155908926198,0.3850721693191546
1988,GEORGIA,714792.0,13549.0,1081331.0,1809672.0,0.394984284444916,0.5975287234371753,0.00748699211790866,REPUBLICAN,0.5975287234371753,0.394984284444916
1988,HAWAII,192364.0,3472.0,158625.0,354461.0,0.5426944007944456,0.44751044543687457,0.00979515376867977,DEMOCRAT,0.5426944007944456,0.44751044543687457
1988,IDAHO,147272.0,7815.0,253881.0,408968.0,0.36010641419377554,0.6207845112576045,0.01910907454861994,REPUBLICAN,0.6207845112576045,0.36010641419377554
1988,ILLINOIS,2215940.0,32241.0,2310939.0,4559120.0,0.4860455526505115,0.5068826878871361,0.007071759462352384,REPUBLICAN,0.5068826878871361,0.4860455526505115
1988,INDIANA,860643.0,10215.0,1297763.0,2168621.0,0.39686187674102574,0.5984277566250626,0.0047103666339115965,REPUBLICAN,0.5984277566250626,0.39686187674102574
1988,IOWA,670557.0,9702.0,545355.0,1225614.0,0.5471192398259158,0.4449647278833303,0.007916032290753858,DEMOCRAT,0.5471192398259158,0.4449647278833303
1988,KANSAS,422636.0,16359.0,554049.0,993044.0,0.4255964488985382,0.5579299608073761,0.01647359029408566,REPUBLICAN,0.5579299608073761,0.4255964488985382
1988,KENTUCKY,580368.0,7868.0,734281.0,1322517.0,0.4388359469103233,0.5552147911898297,0.0059492618998470345,REPUBLICAN,0.5552147911898297,0.4388359469103233
1988,LOUISIANA,717460.0,27040.0,883702.0,1628202.0,0.4406455710040892,0.5427471529945301,0.016607276001380664,REPUBLICAN,0.5427471529945301,0.4406455710040892
1988,MAINE,243569.0,4335.0,307131.0,555035.0,0.4388353887592674,0.5533542929725153,0.00781031826821732,REPUBLICAN,0.5533542929725153,0.4388353887592674
1988,MARYLAND,826304.0,11887.0,876167.0,1714358.0,0.48199034274054775,0.511075866300971,0.0069337909584812505,REPUBLICAN,0.511075866300971,0.48199034274054775
1988,MASSACHUSETTS,1401415.0,36751.0,1194635.0,2632801.0,0.5322905149306765,0.4537505873022686,0.013958897767054935,DEMOCRAT,0.5322905149306765,0.4537505873022686
1988,MICHIGAN,1675783.0,27894.0,1965486.0,3669163.0,0.4567207834593339,0.5356769377648254,0.007602278775840703,REPUBLICAN,0.5356769377648254,0.4567207834593339
1988,MINNESOTA,1109471.0,24982.0,962337.0,2096790.0,0.5291283342633263,0.4589572632452463,0.011914402491427372,DEMOCRAT,0.5291283342633263,0.4589572632452463
1988,MISSISSIPPI,363921.0,9716.0,557890.0,931527.0,0.39067144591622144,0.5988983679485405,0.010430186135238162,REPUBLICAN,0.5988983679485405,0.39067144591622144
1988,MISSOURI,1001619.0,6656.0,1084953.0,2093228.0,0.4785044916272857,0.5183157305367595,0.0031797778359548027,REPUBLICAN,0.5183157305367595,0.4785044916272857
1988,MONTANA,168936.0,6326.0,190412.0,365674.0,0.46198526556440983,0.5207151725307241,0.017299561904866083,REPUBLICAN,0.5207151725307241,0.46198526556440983
1988,NEBRASKA,259235.0,4274.0,397956.0,661465.0,0.39191038074576884,0.6016282040621953,0.00646141519203586,REPUBLICAN,0.6016282040621953,0.39191038074576884
1988,NEVADA,132738.0,4355.0,206040.0,343133.0,0.38684125397440644,0.6004668743606706,0.012691871664922931,REPUBLICAN,0.6004668743606706,0.38684125397440644
1988,NEW HAMPSHIRE,163696.0,5292.0,281537.0,450525.0,0.36334498640475,0.624908717607236,0.011746295988013983,REPUBLICAN,0.624908717607236,0.36334498640475
1988,NEW JERSEY,1320352.0,36009.0,1743192.0,3099553.0,0.4259814237730408,0.5624010946094485,0.011617481617510654,REPUBLICAN,0.5624010946094485,0.4259814237730408
1988,NEW MEXICO,244497.0,6549.0,270341.0,521387.0,0.4689357425482415,0.5185035300074609,0.012560727444297613,REPUBLICAN,0.5185035300074609,0.4689357425482415
1988,NEW YORK,3255487.0,391782.0,2838414.0,6485683.0,0.5019497561012464,0.4376430362075976,0.06040720769115605,DEMOCRAT,0.5019497561012464,0.4376430362075976
1988,NORTH CAROLINA,890167.0,6945.0,1237258.0,2134370.0,0.41706311464272827,0.5796829977932598,0.003253887564011863,REPUBLICAN,0.5796829977932598,0.41706311464272827
1988,NORTH DAKOTA,127739.0,2963.0,166559.0,297261.0,0.429720010361265,0.5603123181312045,0.00996767150753042,REPUBLICAN,0.5603123181312045,0.429720010361265
1988,OHIO,1939629.0,37407.0,2416549.0,4393585.0,0.4414684136075665,0.5500175824525985,0.00851400393983501,REPUBLICAN,0.5500175824525985,0.4414684136075665
1988,OKLAHOMA,483423.0,9246.0,678367.0,1171036.0,0.41281651460757823,0.5792879125833877,0.007895572809034052,REPUBLICAN,0.5792879125833877,0.41281651460757823
1988,OREGON,616206.0,25362.0,560126.0,1201694.0,0.5127811239799815,0.4661136695365043,0.021105206483514105,DEMOCRAT,0.5127811239799815,0.4661136695365043
1988,PENNSYLVANIA,2194944.0,41220.0,2300087.0,4536251.0,0.48386740504438575,0.5070457961872039,0.009086798768410302,REPUBLICAN,0.5070457961872039,0.48386740504438575
1988,RHODE ISLAND,225123.0,1738.0,177761.0,404622.0,0.5563785459021012,0.43932608706397575,0.004295367033923019,DEMOCRAT,0.5563785459021012,0.43932608706397575
1988,SOUTH CAROLINA,370554.0,9012.0,606443.0,986009.0,0.37581198548897626,0.6150481385058352,0.009139876005188594,REPUBLICAN,0.6150481385058352,0.37581198548897626
1988,SOUTH DAKOTA,145560.0,2016.0,165415.0,312991.0,0.4650612956922084,0.5284976245323348,0.006441079775456803,REPUBLICAN,0.5284976245323348,0.4650612956922084
1988,TENNESSEE,679794.0,9223.0,947233.0,1636250.0,0.4154585179526356,0.5789048128342246,0.005636669213139801,REPUBLICAN,0.5789048128342246,0.4154585179526356
1988,TEXAS,2352748.0,37833.0,3036829.0,5427410.0,0.433493692203095,0.559535579585843,0.006970728211061998,REPUBLICAN,0.559535579585843,0.433493692203095
1988,UTAH,207343.0,11223.0,428442.0,647008.0,0.320464352836441,0.6621896483505614,0.017345998812997674,REPUBLICAN,0.6621896483505614,0.320464352836441
1988,VERMONT,115775.0,3222.0,124331.0,243328.0,0.47579809968437664,0.510960514203051,0.01324138611257233,REPUBLICAN,0.510960514203051,0.47579809968437664
1988,VIRGINIA,859799.0,22648.0,1309162.0,2191609.0,0.3923140487194568,0.5973519911626572,0.010333960117885992,REPUBLICAN,0.5973519911626572,0.3923140487194568
1988,WASHINGTON,933516.0,27902.0,903835.0,1865253.0,0.5004768790078343,0.48456429235068915,0.014958828641476518,DEMOCRAT,0.5004768790078343,0.48456429235068915
1988,WEST VIRGINIA,341016.0,2230.0,310065.0,653311.0,0.5219811085378939,0.47460550947404834,0.003413381988057755,DEMOCRAT,0.5219811085378939,0.47460550947404834
1988,WISCONSIN,1126794.0,17315.0,1047499.0,2191608.0,0.5141403024628491,0.47795910582549433,0.007900591711656465,DEMOCRAT,0.5141403024628491,0.47795910582549433
1988,WYOMING,67113.0,2571.0,106867.0,176551.0,0.3801337857049804,0.6053038498790718,0.0145623644159478,REPUBLICAN,0.6053038498790718,0.3801337857049804
1992,ALABAMA,690080.0,193697.0,804283.0,1688060.0,0.4088006350485172,0.4764540359939813,0.11474532895750152,REPUBLICAN,0.4764540359939813,0.4088006350485172
1992,ALASKA,78294.0,78212.0,102000.0,258506.0,0.3028711132430195,0.3945749808515083,0.3025539059054722,REPUBLICAN,0.3945749808515083,0.3028711132430195
1992,ARIZONA,543050.0,371839.0,572086.0,1486975.0,0.3652045259671481,0.38473141781132836,0.25006405622152356,REPUBLICAN,0.38473141781132836,0.3652045259671481
1992,ARKANSAS,505823.0,107506.0,337324.0,950653.0,0.5320795284925204,0.3548339930552999,0.11308647845217971,DEMOCRAT,0.5320795284925204,0.3548339930552999
1992,CALIFORNIA,5121325.0,2379822.0,3630574.0,11131721.0,0.46006587840280944,0.32614669375921296,0.2137874278379776,DEMOCRAT,0.46006587840280944,0.32614669375921296
1992,COLORADO,629681.0,376649.0,562850.0,1569180.0,0.40128028651907366,0.35869052626212417,0.24002918721880218,DEMOCRAT,0.40128028651907366,0.35869052626212417
1992,CONNECTICUT,682318.0,355525.0,578313.0,1616156.0,0.42218572959541034,0.35783241221763246,0.2199818581869572,DEMOCRAT,0.42218572959541034,0.35783241221763246
1992,DELAWARE,126054.0,61253.0,102313.0,289620.0,0.43523927905531384,0.35326634900904635,0.2114943719356398,DEMOCRAT,0.43523927905531384,0.35326634900904635
1992,DISTRICT OF COLUMBIA,192619.0,14255.0,20698.0,227572.0,0.8464090485648498,0.09095143515019423,0.06263951628495597,DEMOCRAT,0.8464090485648498,0.09095143515019423
1992,FLORIDA,2071698.0,1068384.0,2173310.0,5313392.0,0.3899012156452978,0.4090249693604387,0.20107381499426355,REPUBLICAN,0.4090249693604387,0.3899012156452978
1992,GEORGIA,1008966.0,316915.0,995252.0,2321133.0,0.4346868533599755,0.4287785318635339,0.13653461477649062,DEMOCRAT,0.4346868533599755,0.4287785318635339
1992,HAWAII,179310.0,56710.0,136822.0,372842.0,0.48092757790163126,0.3669704593366627,0.15210196276170604,DEMOCRAT,0.48092757790163126,0.3669704593366627
1992,IDAHO,137013.0,142456.0,202645.0,482114.0,0.2841921205358069,0.4203258980241188,0.2954819814400743,REPUBLICAN,0.4203258980241188,0.2841921205358069
1992,ILLINOIS,2453350.0,862711.0,1734096.0,5050157.0,0.48579677819917283,0.3433746713220995,0.1708285504787277,DEMOCRAT,0.48579677819917283,0.3433746713220995
1992,INDIANA,848420.0,468076.0,989375.0,2305871.0,0.3679390564346401,0.42906780127769506,0.20299314228766482,REPUBLICAN,0.42906780127769506,0.3679390564346401
1992,IOWA,586353.0,263363.0,504891.0,1354607.0,0.43285838623305506,0.37272138708865377,0.1944202266782912,DEMOCRAT,0.43285838623305506,0.37272138708865377
1992,KANSAS,390434.0,316851.0,449951.0,1157236.0,0.3373849413602757,0.38881524598266903,0.2737998126570553,REPUBLICAN,0.38881524598266903,0.3373849413602757
1992,KENTUCKY,665104.0,210618.0,617178.0,1492900.0,0.4455114207247639,0.4134088016611963,0.14107977761403978,DEMOCRAT,0.4455114207247639,0.4134088016611963
1992,LOUISIANA,815971.0,240660.0,733386.0,1790017.0,0.4558453914124838,0.40970895807134794,0.13444565051616827,DEMOCRAT,0.4558453914124838,0.40970895807134794
1992,MAINE,263420.0,209575.0,206504.0,679499.0,0.3876679730212995,0.30390626034769735,0.30842576663100313,DEMOCRAT,0.3876679730212995,0.30390626034769735
1992,MARYLAND,988571.0,288915.0,707094.0,1984580.0,0.4981260518598394,0.3562940269477673,0.14557992119239335,DEMOCRAT,0.4981260518598394,0.3562940269477673
1992,MASSACHUSETTS,1318639.0,649986.0,805039.0,2773664.0,0.47541410927927824,0.2902438795758967,0.23434201114482503,DEMOCRAT,0.47541410927927824,0.2902438795758967
1992,MICHIGAN,1871182.0,848551.0,1554940.0,4274673.0,0.43773687484399393,0.36375647915056897,0.19850664600543713,DEMOCRAT,0.43773687484399393,0.36375647915056897
1992,MINNESOTA,1020997.0,579110.0,747841.0,2347948.0,0.4348465127847806,0.3185083315303405,0.24664515568487888,DEMOCRAT,0.4348465127847806,0.3185083315303405
1992,MISSISSIPPI,400258.0,93742.0,487793.0,981793.0,0.40768064143867394,0.4968389467026145,0.09548041185871156,REPUBLICAN,0.4968389467026145,0.40768064143867394
1992,MISSOURI,1053873.0,526238.0,811159.0,2391270.0,0.4407168575694087,0.3392168178415654,0.22006632458902592,DEMOCRAT,0.4407168575694087,0.3392168178415654
1992,MONTANA,154507.0,111869.0,144207.0,410583.0,0.3763112452293446,0.3512249654759208,0.2724637892947346,DEMOCRAT,0.3763112452293446,0.3512249654759208
1992,NEBRASKA,216864.0,177004.0,343678.0,737546.0,0.29403454157435605,0.4659750035929962,0.23999045483264772,REPUBLICAN,0.4659750035929962,0.29403454157435605
1992,NEVADA,189148.0,141342.0,175828.0,506318.0,0.3735754999822246,0.34726792253089955,0.27915657748687583,DEMOCRAT,0.3735754999822246,0.34726792253089955
1992,NEW HAMPSHIRE,209040.0,125691.0,202484.0,537215.0,0.38911795091350765,0.37691427082266876,0.23396777826382362,DEMOCRAT,0.38911795091350765,0.37691427082266876
1992,NEW JERSEY,1436206.0,550523.0,1356865.0,3343594.0,0.42953959123027496,0.40581033462794824,0.1646500741417768,DEMOCRAT,0.42953959123027496,0.40581033462794824
1992,NEW MEXICO,261617.0,95545.0,212824.0,569986.0,0.45898846638338486,0.37338460944654783,0.16762692417006733,DEMOCRAT,0.45898846638338486,0.37338460944654783
1992,NEW YORK,3346894.0,1690848.0,2041690.0,7079432.0,0.4727630691275797,0.2883974307543317,0.23883950011808858,DEMOCRAT,0.4727630691275797,0.2883974307543317
1992,NORTH CAROLINA,1114042.0,363147.0,1134661.0,2611850.0,0.42653368302161304,0.43442808737102057,0.13903822960736642,REPUBLICAN,0.43442808737102057,0.42653368302161304
1992,NORTH DAKOTA,99168.0,72721.0,136244.0,308133.0,0.32183505174713517,0.442159716745691,0.23600523150717384,REPUBLICAN,0.442159716745691,0.32183505174713517
1992,OHIO,1984942.0,1060715.0,1894310.0,4939967.0,0.4018128056321024,0.383466124368847,0.2147210699990506,DEMOCRAT,0.4018128056321024,0.383466124368847
1992,OKLAHOMA,473066.0,324364.0,592929.0,1390359.0,0.3402473749585539,0.4264574832830945,0.23329514175835162,REPUBLICAN,0.4264574832830945,0.3402473749585539
1992,OREGON,621314.0,365572.0,475757.0,1462643.0,0.42478855058958337,0.32527212723815724,0.2499393221722594,DEMOCRAT,0.42478855058958337,0.32527212723815724
1992,PENNSYLVANIA,2239164.0,928805.0,1791841.0,4959810.0,0.45146164873251193,0.3612721051814485,0.1872662460860396,DEMOCRAT,0.45146164873251193,0.3612721051814485
1992,RHODE ISLAND,213299.0,108465.0,131601.0,453365.0,0.4704796356136888,0.29027604689378317,0.23924431749252809,DEMOCRAT,0.4704796356136888,0.29027604689378317
1992,SOUTH CAROLINA,525514.0,125891.0,577507.0,1228912.0,0.4276254117463252,0.46993356725298474,0.10244102100069004,REPUBLICAN,0.46993356725298474,0.4276254117463252
1992,SOUTH DAKOTA,124888.0,74648.0,136718.0,336254.0,0.37140970813730095,0.4065914457523182,0.22199884611038084,REPUBLICAN,0.4065914457523182,0.37140970813730095
1992,TENNESSEE,933521.0,207817.0,841300.0,1982638.0,0.47084793088803906,0.42433364033171966,0.10481842878024128,DEMOCRAT,0.47084793088803906,0.42433364033171966
1992,TEXAS,2281815.0,1376132.0,2496071.0,6154018.0,0.37078458334051023,0.40560021111410466,0.22361520554538514,REPUBLICAN,0.40560021111410466,0.37078458334051023
1992,UTAH,183429.0,237937.0,322632.0,743998.0,0.24654501759413333,0.4336463270062554,0.3198086553996113,REPUBLICAN,0.4336463270062554,0.24654501759413333
1992,VERMONT,133592.0,67987.0,88122.0,289701.0,0.46113751764750555,0.30418258825478683,0.23467989409770765,DEMOCRAT,0.46113751764750555,0.30418258825478683
1992,VIRGINIA,1038650.0,369962.0,1150517.0,2559129.0,0.4058607440265809,0.4495736635394308,0.14456559243398828,REPUBLICAN,0.4495736635394308,0.4058607440265809
1992,WASHINGTON,993037.0,563294.0,731234.0,2287565.0,0.43410220037463415,0.31965605348919046,0.24624174613617536,DEMOCRAT,0.43410220037463415,0.31965605348919046
1992,WEST VIRGINIA,331001.0,110702.0,241974.0,683677.0,0.4841482161898089,0.35393029164356854,0.16192149216662255,DEMOCRAT,0.4841482161898089,0.35393029164356854
1992,WISCONSIN,1041066.0,559143.0,930855.0,2531064.0,0.4113155574098482,0.36777220963199664,0.22091223295815515,DEMOCRAT,0.4113155574098482,0.36777220963199664
1992,WYOMING,68160.0,52377.0,79347.0,199884.0,0.34099777871165277,0.3969652398391067,0.26203698144924054,REPUBLICAN,0.3969652398391067,0.34099777871165277
1996,ALABAMA,662165.0,103140.0,769044.0,1534349.0,0.4315608769582409,0.5012184320516389,0.06722069099012024,REPUBLICAN,0.5012184320516389,0.4315608769582409
1996,ALASKA,80380.0,38494.0,122746.0,241620.0,0.33267113649532326,0.5080125817399221,0.15931628176475457,REPUBLICAN,0.5080125817399221,0.33267113649532326
1996,ARIZONA,653288.0,129044.0,622073.0,1404405.0,0.4651706594607681,0.4429441649666585,0.09188517557257343,DEMOCRAT,0.4651706594607681,0.4429441649666585
1996,ARKANSAS,475171.0,83675.0,325416.0,884262.0,0.5373644915194817,0.36800857664357395,0.09462693183694425,DEMOCRAT,0.5373644915194817,0.36800857664357395
1996,CALIFORNIA,5119835.0,1071253.0,3828381.0,10019469.0,0.5109886561852729,0.3820942008004616,0.10691714301426553,DEMOCRAT,0.5109886561852729,0.3820942008004616
1996,COLORADO,671152.0,147702.0,691848.0,1510702.0,0.44426498409348764,0.457964575409313,0.09777044049719931,REPUBLICAN,0.457964575409313,0.44426498409348764
1996,CONNECTICUT,735740.0,173765.0,483109.0,1392614.0,0.5283158147196567,0.34690804487101234,0.12477614040933094,DEMOCRAT,0.5283158147196567,0.34690804487101234
1996,DELAWARE,140355.0,31393.0,99062.0,270810.0,0.518278497839814,0.3657988995975038,0.11592260256268232,DEMOCRAT,0.518278497839814,0.3657988995975038
1996,DISTRICT OF COLUMBIA,158220.0,10167.0,17339.0,185726.0,0.8519001109160806,0.09335795742114728,0.05474193166277204,DEMOCRAT,0.8519001109160806,0.09335795742114728
1996,FLORIDA,2546870.0,511748.0,2244536.0,5303154.0,0.4802557119781926,0.42324548749668595,0.09649880052512147,DEMOCRAT,0.4802557119781926,0.42324548749668595
1996,GEORGIA,1053849.0,164207.0,1080843.0,2298899.0,0.4584146584952188,0.4701568011469838,0.07142854035779736,REPUBLICAN,0.4701568011469838,0.4584146584952188
1996,HAWAII,205012.0,41165.0,113943.0,360120.0,0.5692880151060757,0.3164028657114295,0.11430911918249473,DEMOCRAT,0.5692880151060757,0.3164028657114295
1996,IDAHO,165443.0,69673.0,256595.0,491711.0,0.3364638985094903,0.521841081448249,0.1416950200422606,REPUBLICAN,0.521841081448249,0.3364638985094903
1996,ILLINOIS,2341744.0,382626.0,1587021.0,4311391.0,0.5431527783028726,0.3680995298269166,0.0887476918702108,DEMOCRAT,0.5431527783028726,0.3680995298269166
1996,INDIANA,887424.0,241314.0,1006693.0,2135431.0,0.41557137645749265,0.4714238015651173,0.11300482197739005,REPUBLICAN,0.4714238015651173,0.41557137645749265
1996,IOWA,620258.0,121173.0,492644.0,1234075.0,0.5026096469015254,0.3992010210076373,0.09818933209083727,DEMOCRAT,0.5026096469015254,0.3992010210076373
1996,KANSAS,387659.0,103396.0,583245.0,1074300.0,0.3608479940426324,0.542907009215303,0.0962449967420646,REPUBLICAN,0.542907009215303,0.3608479940426324
1996,KENTUCKY,636614.0,128811.0,623283.0,1388708.0,0.4584217848532593,0.4488222146052302,0.09275600054151052,DEMOCRAT,0.4584217848532593,0.4488222146052302
1996,LOUISIANA,927837.0,143536.0,712586.0,1783959.0,0.5200999574541791,0.3994407943231879,0.08045924822263292,DEMOCRAT,0.5200999574541791,0.3994407943231879
1996,MAINE,312788.0,106731.0,186378.0,605897.0,0.5162395588689167,0.3076067384390416,0.17615370269204172,DEMOCRAT,0.5162395588689167,0.3076067384390416
1996,MARYLAND,966207.0,133133.0,681530.0,1780870.0,0.5425477435186173,0.38269497492798465,0.07475728155339806,DEMOCRAT,0.5425477435186173,0.38269497492798465
1996,MASSACHUSETTS,1571509.0,266892.0,718058.0,2556459.0,0.614720987115381,0.2808799202334166,0.10439909265120231,DEMOCRAT,0.614720987115381,0.2808799202334166
1996,MICHIGAN,1989653.0,377979.0,1481212.0,3848844.0,0.5169482057469723,0.3848459433533809,0.09820585089964676,DEMOCRAT,0.5169482057469723,0.3848459433533809
1996,MINNESOTA,1120380.0,305717.0,766395.0,2192492.0,0.5110075658200806,0.3495542971194422,0.1394381370604773,DEMOCRAT,0.5110075658200806,0.3495542971194422
1996,MISSISSIPPI,394022.0,59997.0,439838.0,893857.0,0.4408110022072882,0.4920675231049262,0.06712147468778563,REPUBLICAN,0.4920675231049262,0.4408110022072882
1996,MISSOURI,1025935.0,242114.0,890016.0,2158065.0,0.4753957827961623,0.41241389856190613,0.11219031864193155,DEMOCRAT,0.4753957827961623,0.41241389856190613
1996,MONTANA,167922.0,59509.0,179652.0,407083.0,0.41250064483164367,0.44131540742305625,0.1461839477453001,REPUBLICAN,0.44131540742305625,0.41250064483164367
1996,NEBRASKA,236761.0,77187.0,363467.0,677415.0,0.34950658016134867,0.5365499730593506,0.11394344677930072,REPUBLICAN,0.5365499730593506,0.34950658016134867
1996,NEVADA,203974.0,61061.0,199244.0,464279.0,0.43933496884416484,0.4291471292046377,0.13151790195119745,DEMOCRAT,0.43933496884416484,0.4291471292046377
1996,NEW HAMPSHIRE,246166.0,53945.0,196486.0,496597.0,0.4957057734944029,0.395664895277257,0.10862933122834008,DEMOCRAT,0.4957057734944029,0.395664895277257
1996,NEW JERSEY,1652361.0,320400.0,1103099.0,3075860.0,0.5372029286118354,0.3586310820388444,0.10416598934932018,DEMOCRAT,0.5372029286118354,0.3586310820388444
1996,NEW MEXICO,273495.0,49828.0,232751.0,556074.0,0.4918320223567367,0.4185611986893831,0.08960677895388024,DEMOCRAT,0.4918320223567367,0.4185611986893831
1996,NEW YORK,3649630.0,1050792.0,1738707.0,6439129.0,0.5667893903041855,0.27002207907311687,0.1631885306226976,DEMOCRAT,0.5667893903041855,0.27002207907311687
1996,NORTH CAROLINA,1107849.0,182020.0,1225938.0,2515807.0,0.4403553213740164,0.4872941366328975,0.07235054199308612,REPUBLICAN,0.4872941366328975,0.4403553213740164
1996,NORTH DAKOTA,106905.0,34456.0,125050.0,266411.0,0.4012784757386144,0.46938752528987165,0.12933399897151393,REPUBLICAN,0.46938752528987165,0.4012784757386144
1996,OHIO,2148222.0,526329.0,1859883.0,4534434.0,0.4737574744720069,0.4101687222705193,0.11607380325747381,DEMOCRAT,0.4737574744720069,0.4101687222705193
1996,OKLAHOMA,488105.0,136293.0,582315.0,1206713.0,0.40449137450247075,0.48256296236139,0.11294566313613925,REPUBLICAN,0.48256296236139,0.40449137450247075
1996,OREGON,649641.0,189967.0,538152.0,1377760.0,0.4715197131575891,0.3905992335384973,0.1378810533039136,DEMOCRAT,0.4715197131575891,0.3905992335384973
1996,PENNSYLVANIA,2215819.0,484319.0,1801169.0,4501307.0,0.492261247677619,0.40014355830428805,0.10759519401809296,DEMOCRAT,0.492261247677619,0.40014355830428805
1996,RHODE ISLAND,233050.0,52514.0,104683.0,390247.0,0.5971858848370392,0.26824805828103737,0.1345660568819235,DEMOCRAT,0.5971858848370392,0.26824805828103737
1996,SOUTH CAROLINA,506152.0,70691.0,573339.0,1150182.0,0.44006252923450373,0.498476762807973,0.061460707957523245,REPUBLICAN,0.498476762807973,0.44006252923450373
1996,SOUTH DAKOTA,139333.0,33950.0,150543.0,323826.0,0.43027119502448846,0.46488855125900946,0.10484025371650207,REPUBLICAN,0.46488855125900946,0.43027119502448846
1996,TENNESSEE,909146.0,121429.0,863530.0,1894105.0,0.4799871179264085,0.4559039757563599,0.06410890631723162,DEMOCRAT,0.4799871179264085,0.4559039757563599
1996,TEXAS,2459683.0,415794.0,2736167.0,5611644.0,0.43831771937065145,0.48758741645050896,0.07409486417883956,REPUBLICAN,0.48758741645050896,0.43831771937065145
1996,UTAH,221633.0,82085.0,361911.0,665629.0,0.3329677643251721,0.54371278895601,0.12331944671881784,REPUBLICAN,0.54371278895601,0.3329677643251721
1996,VERMONT,137894.0,40203.0,80352.0,258449.0,0.5335443356329489,0.31090079667555304,0.15555486769149812,DEMOCRAT,0.5335443356329489,0.31090079667555304
1996,VIRGINIA,1091060.0,187232.0,1138350.0,2416642.0,0.45147771163457395,0.471046187230049,0.0774761011353771,REPUBLICAN,0.471046187230049,0.45147771163457395
1996,WASHINGTON,1123323.0,289802.0,840712.0,2253837.0,0.49840472048333573,0.3730136651408243,0.12858161437583995,DEMOCRAT,0.49840472048333573,0.3730136651408243
1996,WEST VIRGINIA,327812.0,74701.0,233946.0,636459.0,0.515055958042859,0.3675743449303097,0.11736969702683127,DEMOCRAT,0.515055958042859,0.3675743449303097
1996,WISCONSIN,1071971.0,279169.0,845029.0,2196169.0,0.48810952162606797,0.3847741225743556,0.12711635579957645,DEMOCRAT,0.48810952162606797,0.3847741225743556
1996,WYOMING,77934.0,28249.0,105388.0,211571.0,0.3683586124752447,0.4981211980848037,0.1335201894399516,REPUBLICAN,0.4981211980848037,0.3683586124752447
2000,ALABAMA,692611.0,32488.0,941173.0,1666272.0,0.4156650294789806,0.5648375535326765,0.019497416988342838,REPUBLICAN,0.5648375535326765,0.4156650294789806
2000,ALASKA,79004.0,39158.0,167398.0,285560.0,0.27666339823504693,0.5862095531587057,0.1371270486062474,REPUBLICAN,0.5862095531587057,0.27666339823504693
2000,ARIZONA,685341.0,65023.0,781652.0,1532016.0,0.4473458501738885,0.5102113816043696,0.04244276822174181,REPUBLICAN,0.5102113816043696,0.4473458501738885
2000,ARKANSAS,422768.0,26073.0,472940.0,921781.0,0.4586425626043496,0.5130719769663293,0.028285460429321063,REPUBLICAN,0.5130719769663293,0.4586425626043496
2000,CALIFORNIA,5861203.0,537190.0,4567429.0,10965822.0,0.5344973682775446,0.41651496805255456,0.0489876636699009,DEMOCRAT,0.5344973682775446,0.41651496805255456
2000,COLORADO,738227.0,119393.0,883748.0,1741368.0,0.4239350901130605,0.507502147736722,0.06856276215021753,REPUBLICAN,0.507502147736722,0.4239350901130605
2000,CONNECTICUT,816015.0,82416.0,561094.0,1459525.0,0.5590962813244035,0.384436032270773,0.05646768640482349,DEMOCRAT,0.5590962813244035,0.384436032270773
2000,DELAWARE,180068.0,10173.0,137288.0,327529.0,0.5497772716309091,0.4191628832866708,0.03105984508242018,DEMOCRAT,0.5497772716309091,0.4191628832866708
2000,DISTRICT OF COLUMBIA,171923.0,11898.0,18073.0,201894.0,0.8515508137933767,0.08951727143946824,0.05893191476715504,DEMOCRAT,0.8515508137933767,0.08951727143946824
2000,FLORIDA,2912253.0,138067.0,2912790.0,5963110.0,0.48837821204036147,0.4884682657204043,0.023153522239234225,REPUBLICAN,0.4884682657204043,0.48837821204036147
2000,GEORGIA,1116230.0,47258.0,1419720.0,2583208.0,0.4321099965624139,0.5495956965137921,0.01829430692379398,REPUBLICAN,0.5495956965137921,0.4321099965624139
2000,HAWAII,205286.0,24820.0,137845.0,367951.0,0.5579166791230354,0.3746286869719066,0.06745463390505801,DEMOCRAT,0.5579166791230354,0.3746286869719066
2000,IDAHO,138637.0,26041.0,336937.0,501615.0,0.27638128843834414,0.6717043948047806,0.051914316756875294,REPUBLICAN,0.6717043948047806,0.27638128843834414
2000,ILLINOIS,2589026.0,133661.0,2019421.0,4742108.0,0.545965212095549,0.42584879973210227,0.02818598817234867,DEMOCRAT,0.545965212095549,0.42584879973210227
2000,INDIANA,901980.0,51486.0,1245836.0,2199302.0,0.4101210293083897,0.566468816015263,0.023410154676347314,REPUBLICAN,0.566468816015263,0.4101210293083897
2000,IOWA,638517.0,80132.0,634373.0,1353022.0,0.4719191557860848,0.4688563822317745,0.05922446198214072,DEMOCRAT,0.4719191557860848,0.4688563822317745
2000,KANSAS,399276.0,50608.0,622332.0,1072216.0,0.3723839226424526,0.580416632469577,0.047199444887970336,REPUBLICAN,0.580416632469577,0.3723839226424526
2000,KENTUCKY,638923.0,32663.0,872520.0,1544106.0,0.4137818258591055,0.565064833631888,0.021153340509006507,REPUBLICAN,0.565064833631888,0.4137818258591055
2000,LOUISIANA,792344.0,45441.0,927871.0,1765656.0,0.44875332454339917,0.5255106317425365,0.02573604371406435,REPUBLICAN,0.5255106317425365,0.44875332454339917
2000,MAINE,319951.0,45250.0,286616.0,651817.0,0.4908601647394898,0.43971850994987854,0.06942132531063167,DEMOCRAT,0.4908601647394898,0.43971850994987854
2000,MARYLAND,1144008.0,67377.0,813827.0,2025212.0,0.5648830838450493,0.40184780655062285,0.03326910960432784,DEMOCRAT,0.5648830838450493,0.40184780655062285
2000,MASSACHUSETTS,1616487.0,238975.0,878502.0,2733964.0,0.5912612602067913,0.32132902993601964,0.08740970985718904,DEMOCRAT,0.5912612602067913,0.32132902993601964
2000,MICHIGAN,2170418.0,108944.0,1953139.0,4232501.0,0.5127979887069135,0.46146214732140645,0.025739863971680103,DEMOCRAT,0.5127979887069135,0.46146214732140645
2000,MINNESOTA,1168266.0,160760.0,1109659.0,2438685.0,0.479055720603522,0.4550235065209324,0.06592077287554564,DEMOCRAT,0.479055720603522,0.4550235065209324
2000,MISSISSIPPI,404614.0,16726.0,572844.0,994184.0,0.40698100150475164,0.5761951509982056,0.016823847497042802,REPUBLICAN,0.5761951509982056,0.40698100150475164
2000,MISSOURI,1111138.0,58830.0,1189924.0,2359892.0,0.47084273348102373,0.5042281595937441,0.02492910692523217,REPUBLICAN,0.5042281595937441,0.47084273348102373
2000,MONTANA,137126.0,33682.0,240178.0,410986.0,0.3336512679264014,0.584394602249225,0.08195412982437358,REPUBLICAN,0.584394602249225,0.3336512679264014
2000,NEBRASKA,231780.0,31377.0,433862.0,697019.0,0.33253039013283714,0.6224536203460738,0.045015989521089095,REPUBLICAN,0.6224536203460738,0.33253039013283714
2000,NEVADA,279978.0,27873.0,301575.0,609426.0,0.4594126276200884,0.49485089247915254,0.045736479900759075,REPUBLICAN,0.49485089247915254,0.4594126276200884
2000,NEW HAMPSHIRE,266348.0,29174.0,273559.0,569081.0,0.46803179160787306,0.4807030985044308,0.05126510988769613,REPUBLICAN,0.4807030985044308,0.46803179160787306
2000,NEW JERSEY,1788850.0,114203.0,1284173.0,3187226.0,0.5612560891508792,0.40291243859079967,0.03583147225832119,DEMOCRAT,0.5612560891508792,0.40291243859079967
2000,NEW MEXICO,286783.0,25405.0,286417.0,598605.0,0.47908554054844177,0.47847411899332615,0.042440340458232056,DEMOCRAT,0.47908554054844177,0.47847411899332615
2000,NEW YORK,3942215.0,759423.0,2258577.0,6960215.0,0.566392704823055,0.32449816564574513,0.10910912953119983,DEMOCRAT,0.566392704823055,0.32449816564574513
2000,NORTH CAROLINA,1257692.0,26135.0,1631163.0,2914990.0,0.43145671168683253,0.559577562873286,0.008965725439881441,REPUBLICAN,0.559577562873286,0.43145671168683253
2000,NORTH DAKOTA,95284.0,18120.0,174852.0,288256.0,0.3305533969804618,0.6065858126110124,0.06286079040852575,REPUBLICAN,0.6065858126110124,0.3305533969804618
2000,OHIO,2183628.0,168007.0,2350363.0,4701998.0,0.46440428090356484,0.4998647383516539,0.03573098074478126,REPUBLICAN,0.4998647383516539,0.46440428090356484
2000,OKLAHOMA,474276.0,15616.0,744337.0,1234229.0,0.38426904569573395,0.603078521084823,0.012652433219443069,REPUBLICAN,0.603078521084823,0.38426904569573395
2000,OREGON,720342.0,100031.0,713577.0,1533950.0,0.46959940024120733,0.46518921737996677,0.06521138237882591,DEMOCRAT,0.46959940024120733,0.46518921737996677
2000,PENNSYLVANIA,2485967.0,145091.0,2281127.0,4912185.0,0.5060817131276611,0.4643813292862545,0.0295369575860844,DEMOCRAT,0.5060817131276611,0.4643813292862545
2000,RHODE ISLAND,249508.0,29049.0,130555.0,409112.0,0.6098770018967911,0.31911799213907194,0.07100500596413696,DEMOCRAT,0.6098770018967911,0.31911799213907194
2000,SOUTH CAROLINA,566037.0,30973.0,786892.0,1383902.0,0.40901523373764903,0.5686038462261056,0.022380920036245342,REPUBLICAN,0.5686038462261056,0.40901523373764903
2000,SOUTH DAKOTA,118804.0,6765.0,190700.0,316269.0,0.37564225390411327,0.6029677268401266,0.021390019255760128,REPUBLICAN,0.6029677268401266,0.37564225390411327
2000,TENNESSEE,981720.0,32512.0,1061949.0,2076181.0,0.4728489471775341,0.5114915318076796,0.015659521014786282,REPUBLICAN,0.5114915318076796,0.4728489471775341
2000,TEXAS,2433746.0,174252.0,3799639.0,6407637.0,0.37981958091571044,0.5929859946810345,0.027194424403255053,REPUBLICAN,0.5929859946810345,0.37981958091571044
2000,UTAH,203053.0,52605.0,515096.0,770754.0,0.26344722181136915,0.6683014295092857,0.06825134867934517,REPUBLICAN,0.6683014295092857,0.26344722181136915
2000,VERMONT,149022.0,25511.0,119775.0,294308.0,0.5063470921619528,0.4069716079753184,0.08668129986272884,DEMOCRAT,0.5063470921619528,0.4069716079753184
2000,VIRGINIA,1217290.0,84667.0,1437490.0,2739447.0,0.4443561054475593,0.5247372918694905,0.030906602682950247,REPUBLICAN,0.5247372918694905,0.4443561054475593
2000,WASHINGTON,1247652.0,130917.0,1108864.0,2487433.0,0.5015821531675426,0.44578647947502503,0.05263136735743234,DEMOCRAT,0.5015821531675426,0.44578647947502503
2000,WEST VIRGINIA,295497.0,16152.0,336475.0,648124.0,0.4559266436669526,0.5191521992705099,0.024921157062537416,REPUBLICAN,0.5191521992705099,0.4559266436669526
2000,WISCONSIN,1242987.0,118341.0,1237279.0,2598607.0,0.47832819660687437,0.4761316351414431,0.045540168251682535,DEMOCRAT,0.47832819660687437,0.4761316351414431
2000,WYOMING,60481.0,5298.0,147947.0,213726.0,0.282983820405566,0.6922274313841086,0.02478874821032537,REPUBLICAN,0.6922274313841086,0.282983820405566
2004,ALABAMA,693933.0,13088.0,1176394.0,1883415.0,0.36844402322377173,0.6246068975770077,0.006949079199220565,REPUBLICAN,0.6246068975770077,0.36844402322377173
2004,ALASKA,111025.0,10684.0,190889.0,312598.0,0.35516861912104364,0.6106532991253942,0.03417808175356208,REPUBLICAN,0.6106532991253942,0.35516861912104364
2004,ARIZONA,893524.0,14767.0,1104294.0,2012585.0,0.44396832928795554,0.5486943408601376,0.007337329851906876,REPUBLICAN,0.5486943408601376,0.44396832928795554
2004,ARKANSAS,469953.0,12094.0,572898.0,1054945.0,0.44547630445189085,0.5430595907843537,0.011464104763755456,REPUBLICAN,0.5430595907843537,0.44547630445189085
2004,CALIFORNIA,6745485.0,166042.0,5509826.0,12421353.0,0.5430555753467436,0.44357695977241773,0.013367464880838665,DEMOCRAT,0.5430555753467436,0.44357695977241773
2004,COLORADO,1001732.0,26643.0,1101255.0,2129630.0,0.47037842254288303,0.5171109535459211,0.012510623911195841,REPUBLICAN,0.5171109535459211,0.47037842254288303
2004,CONNECTICUT,857488.0,27455.0,693826.0,1578769.0,0.543137089719902,0.4394727791082799,0.017390131171818042,DEMOCRAT,0.543137089719902,0.4394727791082799
2004,DELAWARE,200152.0,3378.0,171660.0,375190.0,0.5334683760228152,0.4575281857192356,0.009003438257949305,DEMOCRAT,0.5334683760228152,0.4575281857192356
2004,DISTRICT OF COLUMBIA,202970.0,3360.0,21256.0,227586.0,0.8918386895503239,0.09339766066454,0.014763649785136168,DEMOCRAT,0.8918386895503239,0.09339766066454
2004,FLORIDA,3583544.0,61744.0,3964522.0,7609810.0,0.4709111002771423,0.5209751623233695,0.008113737399488292,REPUBLICAN,0.5209751623233695,0.4709111002771423
2004,GEORGIA,1366149.0,21472.0,1914254.0,3301875.0,0.41374946053378764,0.5797475676698846,0.006502971796327844,REPUBLICAN,0.5797475676698846,0.41374946053378764
2004,HAWAII,231708.0,3114.0,194191.0,429013.0,0.5400955215809311,0.45264595711551864,0.007258521303550242,DEMOCRAT,0.5400955215809311,0.45264595711551864
2004,IDAHO,181098.0,8043.0,409235.0,598376.0,0.3026491704212736,0.6839094482399026,0.013441381338823749,REPUBLICAN,0.6839094482399026,0.3026491704212736
2004,ILLINOIS,2891550.0,36826.0,2345946.0,5274322.0,0.5482316020902781,0.4447862682634849,0.006982129646236995,DEMOCRAT,0.5482316020902781,0.4447862682634849
2004,INDIANA,969011.0,19553.0,1479438.0,2468002.0,0.39262974665336575,0.5994476503665718,0.007922602980062416,REPUBLICAN,0.5994476503665718,0.39262974665336575
2004,IOWA,741898.0,13053.0,751957.0,1506908.0,0.4923313168421695,0.4990065750530225,0.00866210810480799,REPUBLICAN,0.4990065750530225,0.4923313168421695
2004,KANSAS,434993.0,16307.0,736456.0,1187756.0,0.3662309430556444,0.620039806155473,0.013729250788882565,REPUBLICAN,0.620039806155473,0.3662309430556444
2004,KENTUCKY,712733.0,13710.0,1069439.0,1795882.0,0.39687072981409693,0.5954951383220055,0.007634131863897517,REPUBLICAN,0.5954951383220055,0.39687072981409693
2004,LOUISIANA,820299.0,20638.0,1102169.0,1943106.0,0.4221586470321228,0.5672202134108999,0.010621139556977334,REPUBLICAN,0.5672202134108999,0.4221586470321228
2004,MAINE,396842.0,13709.0,330201.0,740752.0,0.5357285569259347,0.44576457437846945,0.018506868695595827,DEMOCRAT,0.5357285569259347,0.44576457437846945
2004,MARYLAND,1334500.0,25035.0,1024703.0,2384238.0,0.5597176120840285,0.4297821777859425,0.010500210130028964,DEMOCRAT,0.5597176120840285,0.4297821777859425
2004,MASSACHUSETTS,1803800.0,52546.0,1071109.0,2927455.0,0.616166602048537,0.3658840187124994,0.017949379238963538,DEMOCRAT,0.616166602048537,0.3658840187124994
2004,MICHIGAN,2479183.0,46323.0,2313746.0,4839252.0,0.5123070672905647,0.4781205855781017,0.00957234713133352,DEMOCRAT,0.5123070672905647,0.4781205855781017
2004,MINNESOTA,1445014.0,36678.0,1346695.0,2828387.0,0.5108968468600654,0.47613533791521456,0.012967815224719955,DEMOCRAT,0.5108968468600654,0.47613533791521456
2004,MISSISSIPPI,457766.0,9398.0,672660.0,1139824.0,0.40161112592821346,0.5901437414899142,0.008245132581872289,REPUBLICAN,0.5901437414899142,0.40161112592821346
2004,MISSOURI,1259171.0,16480.0,1455713.0,2731364.0,0.46100446516831883,0.5329619193926551,0.006033615439026069,REPUBLICAN,0.5329619193926551,0.46100446516831883
2004,MONTANA,173710.0,10661.0,266063.0,450434.0,0.3856502839483698,0.5906814316858852,0.023668284365745036,REPUBLICAN,0.5906814316858852,0.3856502839483698
2004,NEBRASKA,254328.0,11044.0,512814.0,778186.0,0.3268216082016382,0.6589864119889075,0.014191979809454296,REPUBLICAN,0.6589864119889075,0.3268216082016382
2004,NEVADA,397190.0,13707.0,418690.0,829587.0,0.4787804051895702,0.504696915453111,0.016522679357318763,REPUBLICAN,0.504696915453111,0.4787804051895702
2004,NEW HAMPSHIRE,340511.0,6539.0,331237.0,678287.0,0.5020161082255741,0.4883434298460681,0.00964046192835776,DEMOCRAT,0.5020161082255741,0.4883434298460681
2004,NEW JERSEY,1911430.0,30258.0,1670003.0,3611691.0,0.5292340900702746,0.4623881168128724,0.00837779311685302,DEMOCRAT,0.5292340900702746,0.4623881168128724
2004,NEW MEXICO,370942.0,8432.0,376930.0,756304.0,0.490466796420487,0.498384247604138,0.01114895597537498,REPUBLICAN,0.498384247604138,0.490466796420487
2004,NEW YORK,4180755.0,460518.0,2806993.0,7448266.0,0.5613058126549186,0.376865299923499,0.06182888742158242,DEMOCRAT,0.5613058126549186,0.376865299923499
2004,NORTH CAROLINA,1525849.0,13992.0,1961166.0,3501007.0,0.435831462205017,0.5601719733779452,0.003996564417037727,REPUBLICAN,0.5601719733779452,0.435831462205017
2004,NORTH DAKOTA,111052.0,5130.0,196651.0,312833.0,0.3549881246543683,0.6286133496146507,0.016398525730981068,REPUBLICAN,0.6286133496146507,0.3549881246543683
2004,OHIO,2741165.0,26974.0,2859764.0,5627903.0,0.48706685243153625,0.508140243355296,0.004792904213167853,REPUBLICAN,0.508140243355296,0.48706685243153625
2004,OKLAHOMA,503966.0,0.0,959792.0,1463758.0,0.3442959833524394,0.6557040166475606,0.0,REPUBLICAN,0.6557040166475606,0.3442959833524394
2004,OREGON,943163.0,26788.0,866831.0,1836782.0,0.5134866304221187,0.47192916742433233,0.014584202153548978,DEMOCRAT,0.5134866304221187,0.47192916742433233
2004,PENNSYLVANIA,2938095.0,37648.0,2793847.0,5769590.0,0.5092380914415062,0.484236661530542,0.0065252470279517265,DEMOCRAT,0.5092380914415062,0.484236661530542
2004,RHODE ISLAND,259760.0,8328.0,169046.0,437134.0,0.5942342622628302,0.3867143713369356,0.019051366400234252,DEMOCRAT,0.5942342622628302,0.3867143713369356
2004,SOUTH CAROLINA,661669.0,18057.0,937974.0,1617700.0,0.40901835939914694,0.5798194968164678,0.011162143784385238,REPUBLICAN,0.5798194968164678,0.40901835939914694
2004,SOUTH DAKOTA,149244.0,6387.0,232584.0,388215.0,0.38443645917854796,0.5991113171824891,0.016452223638962947,REPUBLICAN,0.5991113171824891,0.38443645917854796
2004,TENNESSEE,1036477.0,16467.0,1384375.0,2437319.0,0.4252529110879618,0.5679908949136325,0.006756193998405625,REPUBLICAN,0.5679908949136325,0.4252529110879618
2004,TEXAS,2832704.0,51128.0,4526917.0,7410749.0,0.3822426046274135,0.6108582276906154,0.006899167681971147,REPUBLICAN,0.6108582276906154,0.3822426046274135
2004,UTAH,241199.0,22903.0,663742.0,927844.0,0.25995641508701894,0.7153594785330293,0.024684106379951803,REPUBLICAN,0.7153594785330293,0.25995641508701894
2004,VERMONT,184067.0,7062.0,121180.0,312309.0,0.5893746257712714,0.38801315363950445,0.022612220589224134,DEMOCRAT,0.5893746257712714,0.38801315363950445
2004,VIRGINIA,1454742.0,23714.0,1716959.0,3195415.0,0.4552591760381672,0.5373195656902156,0.007421258271617302,REPUBLICAN,0.5373195656902156,0.4552591760381672
2004,WASHINGTON,1510201.0,43989.0,1304894.0,2859084.0,0.5282114831183694,0.45640281992414355,0.015385696957487083,DEMOCRAT,0.5282114831183694,0.45640281992414355
2004,WEST VIRGINIA,326541.0,5473.0,423778.0,755792.0,0.43205141097021404,0.5607071786946674,0.007241410335118657,REPUBLICAN,0.5607071786946674,0.43205141097021404
2004,WISCONSIN,1489504.0,29383.0,1478120.0,2997007.0,0.49699717084411216,0.49319871458425024,0.009804114571637637,DEMOCRAT,0.49699717084411216,0.49319871458425024
2004,WYOMING,70776.0,5456.0,167629.0,243861.0,0.2902309102316484,0.6873956885274808,0.022373401240870824,REPUBLICAN,0.6873956885274808,0.2902309102316484
2008,ALABAMA,813479.0,19794.0,1266546.0,2099819.0,0.38740434294574916,0.603169130291706,0.009426526762544771,REPUBLICAN,0.603169130291706,0.38740434294574916
2008,ALASKA,123594.0,8762.0,193841.0,326197.0,0.37889373599389325,0.5942451953880631,0.026861068618043698,REPUBLICAN,0.5942451953880631,0.37889373599389325
2008,ARIZONA,1034707.0,28657.0,1230111.0,2293475.0,0.4511525087476428,0.5363524782262724,0.012495013026084871,REPUBLICAN,0.5363524782262724,0.4511525087476428
2008,ARKANSAS,422310.0,26290.0,638017.0,1086617.0,0.3886465976512423,0.5871590449992959,0.024194357349461678,REPUBLICAN,0.5871590449992959,0.3886465976512423
2008,CALIFORNIA,8274473.0,275646.0,5011781.0,13561900.0,0.6101263834713425,0.36954858832464477,0.02032502820401271,DEMOCRAT,0.6101263834713425,0.36954858832464477
2008,COLORADO,1288576.0,39196.0,1073589.0,2401361.0,0.5366023684069159,0.4470752210933716,0.016322410499712454,DEMOCRAT,0.5366023684069159,0.4470752210933716
2008,CONNECTICUT,997772.0,19592.0,629428.0,1646792.0,0.6058882967612181,0.3822146330562694,0.011897070182512424,DEMOCRAT,0.6058882967612181,0.3822146330562694
2008,DELAWARE,255459.0,4579.0,152374.0,412412.0,0.6194266898150393,0.36947033548975294,0.011102974695207705,DEMOCRAT,0.6194266898150393,0.36947033548975294
2008,DISTRICT OF COLUMBIA,245800.0,2686.0,17367.0,265853.0,0.9245710975614343,0.06532557465968035,0.010103327778885323,DEMOCRAT,0.9245710975614343,0.06532557465968035
2008,FLORIDA,4282074.0,63046.0,4045624.0,8390744.0,0.5103330527066491,0.4821531916597622,0.007513755633588631,DEMOCRAT,0.5103330527066491,0.4821531916597622
2008,GEORGIA,1844123.0,31604.0,2048759.0,3924486.0,0.46990179096065066,0.5220451799292952,0.008053029110054158,REPUBLICAN,0.5220451799292952,0.46990179096065066
2008,HAWAII,325871.0,9627.0,120566.0,456064.0,0.7145291011787819,0.2643620193657031,0.021108879455515015,DEMOCRAT,0.7145291011787819,0.2643620193657031
2008,IDAHO,236440.0,15670.0,403012.0,655122.0,0.3609098763283785,0.6151709147303861,0.02391920894123537,REPUBLICAN,0.6151709147303861,0.3609098763283785
2008,ILLINOIS,3419348.0,71844.0,2031179.0,5522371.0,0.6191811452001323,0.36780922542147204,0.01300962937839562,DEMOCRAT,0.6191811452001323,0.36780922542147204
2008,INDIANA,1374039.0,31367.0,1345648.0,2751054.0,0.4994591163968428,0.4891390717884854,0.011401811814671758,DEMOCRAT,0.4994591163968428,0.4891390717884854
2008,IOWA,828940.0,25804.0,682379.0,1537123.0,0.5392802007386527,0.4439325935530208,0.01678720570832653,DEMOCRAT,0.5392802007386527,0.4439325935530208
2008,KANSAS,514765.0,21452.0,699655.0,1235872.0,0.41651967194013617,0.5661225434349189,0.01735778462494498,REPUBLICAN,0.5661225434349189,0.41651967194013617
2008,KENTUCKY,751985.0,26173.0,1048462.0,1826620.0,0.4116811378392879,0.5739902114287592,0.014328650731953007,REPUBLICAN,0.5739902114287592,0.4116811378392879
2008,LOUISIANA,782989.0,29497.0,1148275.0,1960761.0,0.3993291380234511,0.5856272131075638,0.015043648868985052,REPUBLICAN,0.5856272131075638,0.3993291380234511
2008,MAINE,421923.0,13967.0,295273.0,731163.0,0.5770573729797597,0.40384018337908234,0.01910244364115799,DEMOCRAT,0.5770573729797597,0.40384018337908234
2008,MARYLAND,1629467.0,42267.0,959862.0,2631596.0,0.6191934476264593,0.364745196451127,0.016061355922413624,DEMOCRAT,0.6191934476264593,0.364745196451127
2008,MASSACHUSETTS,1904097.0,90044.0,1108854.0,3102995.0,0.6136319910280229,0.3573495928933176,0.02901841607865949,DEMOCRAT,0.6136319910280229,0.3573495928933176
2008,MICHIGAN,2872579.0,80378.0,2048639.0,5001596.0,0.5743324730745946,0.40959705661952706,0.016070470305878364,DEMOCRAT,0.5743324730745946,0.40959705661952706
2008,MINNESOTA,1573354.0,61606.0,1275409.0,2910369.0,0.5406029269827984,0.43822931044139074,0.021167762575810833,DEMOCRAT,0.5406029269827984,0.43822931044139074
2008,MISSISSIPPI,554662.0,10606.0,724597.0,1289865.0,0.43001554426238403,0.5617618898101739,0.008222565927442018,REPUBLICAN,0.5617618898101739,0.43001554426238403
2008,MISSOURI,1441911.0,37480.0,1445814.0,2925205.0,0.49292647865705136,0.49426074411878823,0.012812777224160358,REPUBLICAN,0.49426074411878823,0.49292647865705136
2008,MONTANA,231667.0,15679.0,242763.0,490109.0,0.4726846477008176,0.495324509445858,0.031990842853324465,REPUBLICAN,0.495324509445858,0.4726846477008176
2008,NEBRASKA,333319.0,14983.0,452979.0,801281.0,0.415982657769247,0.5653185336979162,0.018698808532836796,REPUBLICAN,0.5653185336979162,0.415982657769247
2008,NEVADA,533736.0,21285.0,412827.0,967848.0,0.551466759243187,0.42654115108984053,0.0219920896669725,DEMOCRAT,0.551466759243187,0.42654115108984053
2008,NEW HAMPSHIRE,384826.0,9610.0,316534.0,710970.0,0.5412689705613458,0.44521428470962204,0.013516744729032167,DEMOCRAT,0.5412689705613458,0.44521428470962204
2008,NEW JERSEY,2215422.0,39608.0,1613207.0,3868237.0,0.5727213715188599,0.4170393385927491,0.010239289888391016,DEMOCRAT,0.5727213715188599,0.4170393385927491
2008,NEW MEXICO,472422.0,10904.0,346832.0,830158.0,0.5690748026279335,0.4177903483433274,0.013134849028739107,DEMOCRAT,0.5690748026279335,0.4177903483433274
2008,NEW YORK,4645332.0,658364.0,2418323.0,7722019.0,0.6015696154075767,0.313172371111752,0.08525801348067132,DEMOCRAT,0.6015696154075767,0.313172371111752
2008,NORTH CAROLINA,2142651.0,39726.0,2128474.0,4310851.0,0.49703666399047425,0.49374798618648613,0.00921534982303958,DEMOCRAT,0.49703666399047425,0.49374798618648613
2008,NORTH DAKOTA,141278.0,6742.0,168601.0,316621.0,0.44620540014717913,0.5325010027761898,0.02129359707663105,REPUBLICAN,0.5325010027761898,0.44620540014717913
2008,OHIO,2940044.0,90486.0,2677820.0,5708350.0,0.5150427006052537,0.4691057836327485,0.015851515761997774,DEMOCRAT,0.5150427006052537,0.4691057836327485
2008,OKLAHOMA,502496.0,0.0,960165.0,1462661.0,0.343549188773065,0.656450811226935,0.0,REPUBLICAN,0.656450811226935,0.343549188773065
2008,OREGON,1037291.0,52098.0,738475.0,1827864.0,0.5674880625692065,0.40400981692292204,0.028502120507871483,DEMOCRAT,0.5674880625692065,0.40400981692292204
2008,PENNSYLVANIA,3276363.0,81024.0,2655885.0,6013272.0,0.5448552801203738,0.4416705247991443,0.013474195080481973,DEMOCRAT,0.5448552801203738,0.4416705247991443
2008,RHODE ISLAND,296571.0,9804.0,165391.0,471766.0,0.6286400461245617,0.35057846474735355,0.020781489128084685,DEMOCRAT,0.6286400461245617,0.35057846474735355
2008,SOUTH CAROLINA,862449.0,23624.0,1034896.0,1920969.0,0.4489656001736624,0.5387364397863786,0.012297960039959,REPUBLICAN,0.5387364397863786,0.4489656001736624
2008,SOUTH DAKOTA,170924.0,7997.0,203054.0,381975.0,0.44747431114601743,0.5315897637279927,0.02093592512598992,REPUBLICAN,0.5315897637279927,0.44747431114601743
2008,TENNESSEE,1087437.0,33134.0,1479178.0,2599749.0,0.4182853806271298,0.5689695428289423,0.012745076543927895,REPUBLICAN,0.5689695428289423,0.4182853806271298
2008,TEXAS,3528633.0,69834.0,4479328.0,8077795.0,0.4368312144588963,0.5545236045232641,0.008645181017839645,REPUBLICAN,0.5545236045232641,0.4368312144588963
2008,UTAH,327670.0,28670.0,596030.0,952370.0,0.3440574566607516,0.6258386971450172,0.030103846194231235,REPUBLICAN,0.6258386971450172,0.3440574566607516
2008,VERMONT,219262.0,6810.0,98974.0,325046.0,0.6745568319560924,0.30449228724549754,0.020950880798410072,DEMOCRAT,0.6745568319560924,0.30449228724549754
2008,VIRGINIA,1959532.0,38723.0,1725005.0,3723260.0,0.5262946987317566,0.46330500690255316,0.010400294365690283,DEMOCRAT,0.5262946987317566,0.46330500690255316
2008,WASHINGTON,1750848.0,56814.0,1229216.0,3036878.0,0.5765289221364835,0.40476304942114893,0.018708028442367457,DEMOCRAT,0.5765289221364835,0.40476304942114893
2008,WEST VIRGINIA,303857.0,12128.0,397466.0,713451.0,0.42589750382296754,0.5571034310695478,0.016999065107484605,REPUBLICAN,0.5571034310695478,0.42589750382296754
2008,WISCONSIN,1677211.0,43813.0,1262393.0,2983417.0,0.5621778651794235,0.4231366248834809,0.01468550993709562,DEMOCRAT,0.5621778651794235,0.4231366248834809
2008,WYOMING,82868.0,7078.0,164958.0,254904.0,0.32509493770203685,0.6471377459749553,0.027767316323007878,REPUBLICAN,0.6471377459749553,0.32509493770203685
2012,ALABAMA,795696.0,22717.0,1255925.0,2074338.0,0.3835903309875247,0.6054582232982282,0.010951445714247148,REPUBLICAN,0.6054582232982282,0.3835903309875247
2012,ALASKA,122640.0,13179.0,164676.0,300495.0,0.40812659112464433,0.5480157739729447,0.04385763490241102,REPUBLICAN,0.5480157739729447,0.40812659112464433
2012,ARIZONA,1025232.0,40368.0,1233654.0,2299254.0,0.44589766941799386,0.536545331659747,0.017556998922259134,REPUBLICAN,0.536545331659747,0.44589766941799386
2012,ARKANSAS,394409.0,27315.0,647744.0,1069468.0,0.36878990301720105,0.6056693608410911,0.02554073614170784,REPUBLICAN,0.6056693608410911,0.36878990301720105
2012,CALIFORNIA,7854285.0,344304.0,4839958.0,13038547.0,0.6023895914168964,0.371203785207048,0.026406623376055628,DEMOCRAT,0.6023895914168964,0.371203785207048
2012,COLORADO,1323101.0,61172.0,1185243.0,2569516.0,0.5149222655161517,0.4612709163904798,0.023806818093368556,DEMOCRAT,0.5149222655161517,0.4612709163904798
2012,CONNECTICUT,905083.0,18229.0,634892.0,1558204.0,0.5808501325885442,0.4074511424691504,0.011698724942305372,DEMOCRAT,0.5808501325885442,0.4074511424691504
2012,DELAWARE,242584.0,5822.0,165484.0,413890.0,0.5861074198458528,0.39982604073546113,0.014066539418686125,DEMOCRAT,0.5861074198458528,0.39982604073546113
2012,DISTRICT OF COLUMBIA,267070.0,5313.0,21381.0,293764.0,0.9091311392818725,0.07278291417600523,0.01808594654212225,DEMOCRAT,0.9091311392818725,0.07278291417600523
2012,FLORIDA,4237756.0,72976.0,4163447.0,8474179.0,0.5000786506869869,0.49130977761975525,0.008611571693257837,DEMOCRAT,0.5000786506869869,0.49130977761975525
2012,GEORGIA,1773827.0,45324.0,2078688.0,3897839.0,0.45507959666882086,0.5332924217752452,0.011627981555933942,REPUBLICAN,0.5332924217752452,0.45507959666882086
2012,HAWAII,306658.0,9486.0,121015.0,437159.0,0.7014793244563191,0.2768214768539593,0.02169919868972159,DEMOCRAT,0.7014793244563191,0.2768214768539593
2012,IDAHO,212787.0,18576.0,420911.0,652274.0,0.3262233355920978,0.6452978349589283,0.028478829448973897,REPUBLICAN,0.6452978349589283,0.3262233355920978
2012,ILLINOIS,3019512.0,87286.0,2135216.0,5242014.0,0.5760213536247709,0.407327412708169,0.016651233667060027,DEMOCRAT,0.5760213536247709,0.407327412708169
2012,INDIANA,1152887.0,51104.0,1420543.0,2624534.0,0.43927302904058396,0.5412553238022445,0.01947164715717152,REPUBLICAN,0.5412553238022445,0.43927302904058396
2012,IOWA,822544.0,29019.0,730617.0,1582180.0,0.5198801653414908,0.46177868510536096,0.018341149553148188,DEMOCRAT,0.5198801653414908,0.46177868510536096
2012,KANSAS,440726.0,26611.0,692634.0,1159971.0,0.3799457055391902,0.5971132036921613,0.022941090768648528,REPUBLICAN,0.5971132036921613,0.3799457055391902
2012,KENTUCKY,679370.0,30652.0,1087190.0,1797212.0,0.37801327834445797,0.6049314159932162,0.017055305662325868,REPUBLICAN,0.6049314159932162,0.37801327834445797
2012,LOUISIANA,809141.0,32662.0,1152262.0,1994065.0,0.4057746362330215,0.5778457572847425,0.016379606482236034,REPUBLICAN,0.5778457572847425,0.4057746362330215
2012,MAINE,401306.0,31176.0,292276.0,724758.0,0.5537103419348252,0.40327392039825705,0.04301573766691778,DEMOCRAT,0.5537103419348252,0.40327392039825705
2012,MARYLAND,1677844.0,57614.0,971869.0,2707327.0,0.6197419077931849,0.3589773233894539,0.021280768817361184,DEMOCRAT,0.6197419077931849,0.3589773233894539
2012,MASSACHUSETTS,1921290.0,74592.0,1188314.0,3184196.0,0.6033830832021647,0.37319122315334863,0.023425693644486708,DEMOCRAT,0.6033830832021647,0.37319122315334863
2012,MICHIGAN,2564569.0,51136.0,2115256.0,4730961.0,0.5420820421051875,0.4471091602742022,0.010808797620610273,DEMOCRAT,0.5420820421051875,0.4471091602742022
2012,MINNESOTA,1546167.0,70169.0,1320225.0,2936561.0,0.5265230315324626,0.4495820110666865,0.02389495740085086,DEMOCRAT,0.5265230315324626,0.4495820110666865
2012,MISSISSIPPI,562949.0,11889.0,710746.0,1285584.0,0.4378935954398935,0.5528584674358112,0.009247937124295261,REPUBLICAN,0.5528584674358112,0.4378935954398935
2012,MISSOURI,1223796.0,51087.0,1482440.0,2757323.0,0.4438348354545333,0.5376374113587709,0.018527753186695937,REPUBLICAN,0.5376374113587709,0.4438348354545333
2012,MONTANA,201839.0,14281.0,267928.0,484048.0,0.41698137374805805,0.553515353849205,0.029503272402736917,REPUBLICAN,0.553515353849205,0.41698137374805805
2012,NEBRASKA,302081.0,17234.0,475064.0,794379.0,0.38027314417928976,0.5980319217904804,0.021694934030229904,REPUBLICAN,0.5980319217904804,0.38027314417928976
2012,NEVADA,531373.0,19978.0,463567.0,1014918.0,0.5235624947040056,0.4567531564126363,0.019684348883358065,DEMOCRAT,0.5235624947040056,0.4567531564126363
2012,NEW HAMPSHIRE,369561.0,11493.0,329918.0,710972.0,0.5197968415071198,0.4640379649268888,0.016165193565991345,DEMOCRAT,0.5197968415071198,0.4640379649268888
2012,NEW JERSEY,2122786.0,37625.0,1478088.0,3638499.0,0.5834235491063761,0.4062356482714438,0.01034080262218019,DEMOCRAT,0.5834235491063761,0.4062356482714438
2012,NEW MEXICO,415335.0,32635.0,335788.0,783758.0,0.5299276052046678,0.4284332663909013,0.04163912840443096,DEMOCRAT,0.5299276052046678,0.4284332663909013
2012,NEW YORK,4324228.0,569159.0,2223397.0,7116784.0,0.6076098417487449,0.312415973282314,0.07997418496894103,DEMOCRAT,0.6076098417487449,0.312415973282314
2012,NORTH CAROLINA,2178391.0,56586.0,2270395.0,4505372.0,0.48350968577067555,0.5039306410214295,0.01255967320789493,REPUBLICAN,0.5039306410214295,0.48350968577067555
2012,NORTH DAKOTA,124966.0,9646.0,188320.0,322932.0,0.38697310888979725,0.5831568255855722,0.029870065524630573,REPUBLICAN,0.5831568255855722,0.38697310888979725
2012,OHIO,2827621.0,91794.0,2661407.0,5580822.0,0.5066674765831987,0.47688440878422567,0.01644811463257563,DEMOCRAT,0.5066674765831987,0.47688440878422567
2012,OKLAHOMA,443547.0,0.0,891325.0,1334872.0,0.3322768025698344,0.6677231974301656,0.0,REPUBLICAN,0.6677231974301656,0.3322768025698344
2012,OREGON,970488.0,64607.0,754175.0,1789270.0,0.54239326652769,0.42149871176513326,0.03610802170717667,DEMOCRAT,0.54239326652769,0.42149871176513326
2012,PENNSYLVANIA,2990274.0,71332.0,2680434.0,5742040.0,0.520768577021407,0.46680866033674445,0.012422762641848542,DEMOCRAT,0.520768577021407,0.46680866033674445
2012,RHODE ISLAND,279677.0,9168.0,157204.0,446049.0,0.627009588632639,0.35243661570813967,0.020553795659221295,DEMOCRAT,0.627009588632639,0.35243661570813967
2012,SOUTH CAROLINA,865941.0,26532.0,1071645.0,1964118.0,0.4408803340736147,0.5456113125586141,0.013508353367771182,REPUBLICAN,0.5456113125586141,0.4408803340736147
2012,SOUTH DAKOTA,145039.0,8166.0,210610.0,363815.0,0.3986614075835246,0.5788931187554114,0.022445473661064003,REPUBLICAN,0.5788931187554114,0.3986614075835246
2012,TENNESSEE,960709.0,35538.0,1462330.0,2458577.0,0.39075814993795194,0.5947871471993759,0.014454702862672189,REPUBLICAN,0.5947871471993759,0.39075814993795194
2012,TEXAS,3308124.0,115884.0,4569843.0,7993851.0,0.41383358283760857,0.5716697746805639,0.014496642481827594,REPUBLICAN,0.5716697746805639,0.41383358283760857
2012,UTAH,251813.0,25027.0,740600.0,1017440.0,0.2474966582796037,0.727905331026891,0.024598010693505267,REPUBLICAN,0.727905331026891,0.2474966582796037
2012,VERMONT,199239.0,7353.0,92698.0,299290.0,0.665705503023823,0.3097263523672692,0.024568144608907747,DEMOCRAT,0.665705503023823,0.3097263523672692
2012,VIRGINIA,1971820.0,60147.0,1822522.0,3854489.0,0.5115645679621864,0.4728310289638912,0.01560440307392238,DEMOCRAT,0.5115645679621864,0.4728310289638912
2012,WASHINGTON,1755396.0,79450.0,1290670.0,3125516.0,0.5616339829967276,0.4129462143210913,0.02541980268218112,DEMOCRAT,0.5616339829967276,0.4129462143210913
2012,WEST VIRGINIA,238269.0,14514.0,417655.0,670438.0,0.3553930415638732,0.6229584241943327,0.021648534241794172,REPUBLICAN,0.6229584241943327,0.3553930415638732
2012,WISCONSIN,1620985.0,39483.0,1410966.0,3071434.0,0.5277616253515459,0.4593834671361976,0.01285490751225649,DEMOCRAT,0.5277616253515459,0.4593834671361976
2012,WYOMING,69286.0,10453.0,170962.0,250701.0,0.2763690611525283,0.6819358518713527,0.04169508697611896,REPUBLICAN,0.6819358518713527,0.2763690611525283
2016,ALABAMA,729547.0,75570.0,1318255.0,2123372.0,0.3435794575797364,0.6208309236440906,0.03558961877617299,REPUBLICAN,0.6208309236440906,0.3435794575797364
2016,ALASKA,116454.0,38767.0,163387.0,318608.0,0.36550871290111986,0.5128151207753728,0.12167616632350725,REPUBLICAN,0.5128151207753728,0.36550871290111986
2016,ARIZONA,1161209.0,159555.0,1252401.0,2573165.0,0.45127654075817136,0.4867161647232105,0.062007294518618125,REPUBLICAN,0.4867161647232105,0.45127654075817136
2016,ARKANSAS,380494.0,65269.0,684872.0,1130635.0,0.33653124129360934,0.6057410216382829,0.05772773706810774,REPUBLICAN,0.6057410216382829,0.33653124129360934
2016,CALIFORNIA,8753788.0,943997.0,4483810.0,14181595.0,0.6172639960455788,0.3161710653843943,0.06656493857002685,DEMOCRAT,0.6172639960455788,0.3161710653843943
2016,COLORADO,1338870.0,238866.0,1202484.0,2780220.0,0.48156980382847403,0.4325139737143104,0.08591622245721561,DEMOCRAT,0.48156980382847403,0.4325139737143104
2016,CONNECTICUT,897572.0,74133.0,673215.0,1644920.0,0.5456630109670987,0.40926914378814777,0.045067845244753546,DEMOCRAT,0.5456630109670987,0.40926914378814777
2016,DELAWARE,235603.0,20860.0,185127.0,441590.0,0.5335333680563419,0.41922824339319276,0.04723838855046537,DEMOCRAT,0.5335333680563419,0.41922824339319276
2016,DISTRICT OF COLUMBIA,282830.0,17022.0,12723.0,312575.0,0.9048388386787171,0.04070383108054067,0.05445733024074222,DEMOCRAT,0.9048388386787171,0.04070383108054067
2016,FLORIDA,4504975.0,297178.0,4617886.0,9420039.0,0.4782331580580505,0.49021941416590736,0.031547427776042115,REPUBLICAN,0.49021941416590736,0.4782331580580505
2016,GEORGIA,1877963.0,147665.0,2089104.0,4114732.0,0.4563998335736082,0.50771326054771,0.03588690587868177,REPUBLICAN,0.50771326054771,0.4563998335736082
2016,HAWAII,266891.0,41926.0,128847.0,437664.0,0.6098079805512905,0.29439707172625573,0.09579494772245375,DEMOCRAT,0.6098079805512905,0.29439707172625573
2016,IDAHO,189765.0,91435.0,409055.0,690255.0,0.27492013820979205,0.5926143236919689,0.13246553809823905,REPUBLICAN,0.5926143236919689,0.27492013820979205
2016,ILLINOIS,3090729.0,299680.0,2146015.0,5536424.0,0.558253666987933,0.3876175307382527,0.05412880227381429,DEMOCRAT,0.558253666987933,0.3876175307382527
2016,INDIANA,1033126.0,144546.0,1557286.0,2734958.0,0.37774839686752043,0.5694003344841128,0.05285126864836681,REPUBLICAN,0.5694003344841128,0.37774839686752043
2016,IOWA,653669.0,110928.0,800983.0,1565580.0,0.41752513445496237,0.5116206134467737,0.0708542520982639,REPUBLICAN,0.5116206134467737,0.41752513445496237
2016,KANSAS,427005.0,86379.0,671018.0,1184402.0,0.36052370732234496,0.5665458180583958,0.07293047461925933,REPUBLICAN,0.5665458180583958,0.36052370732234496
2016,KENTUCKY,628854.0,92324.0,1202971.0,1924149.0,0.3268218833364776,0.6251963855190009,0.047981731144521554,REPUBLICAN,0.6251963855190009,0.3268218833364776
2016,LOUISIANA,780154.0,70240.0,1178638.0,2029032.0,0.3844956609851397,0.580886846535688,0.03461749247917233,REPUBLICAN,0.580886846535688,0.3844956609851397
2016,MAINE,357735.0,78564.0,335593.0,771892.0,0.4634521409730895,0.43476678084498865,0.10178107818192182,DEMOCRAT,0.4634521409730895,0.43476678084498865
2016,MARYLAND,1678006.0,160012.0,943428.0,2781446.0,0.6032854853195064,0.3391861643188471,0.05752835036164643,DEMOCRAT,0.6032854853195064,0.3391861643188471
2016,MASSACHUSETTS,1995196.0,292732.0,1090893.0,3378821.0,0.5905006509667129,0.3228620279085515,0.08663732112473552,DEMOCRAT,0.5905006509667129,0.3228620279085515
2016,MICHIGAN,2268839.0,250902.0,2279543.0,4799284.0,0.4727453095086684,0.47497564219996147,0.05227904829137013,REPUBLICAN,0.47497564219996147,0.4727453095086684
2016,MINNESOTA,1367705.0,254128.0,1322949.0,2944782.0,0.4644503396176695,0.4492519310427733,0.08629772933955722,DEMOCRAT,0.4644503396176695,0.4492519310427733
2016,MISSISSIPPI,485131.0,23512.0,700714.0,1209357.0,0.40114788271784096,0.5794103808883564,0.01944173639380266,REPUBLICAN,0.5794103808883564,0.40114788271784096
2016,MISSOURI,1071068.0,143026.0,1594511.0,2808605.0,0.3813523083523671,0.5677234783816165,0.050924213266016406,REPUBLICAN,0.5677234783816165,0.3813523083523671
2016,MONTANA,177709.0,37577.0,279240.0,494526.0,0.35935218775150346,0.5646619186857719,0.07598589356272471,REPUBLICAN,0.5646619186857719,0.35935218775150346
2016,NEBRASKA,284494.0,63772.0,495961.0,844227.0,0.33698756377135536,0.5874735112712576,0.07553892495738705,REPUBLICAN,0.5874735112712576,0.33698756377135536
2016,NEVADA,539260.0,74067.0,512058.0,1125385.0,0.4791782367811904,0.4550069531760242,0.06581481004278536,DEMOCRAT,0.4791782367811904,0.4550069531760242
2016,NEW HAMPSHIRE,348526.0,49980.0,345790.0,744296.0,0.46826262669690555,0.46458666981953417,0.06715070348356031,DEMOCRAT,0.46826262669690555,0.46458666981953417
2016,NEW JERSEY,2148278.0,123835.0,1601933.0,3874046.0,0.554530844496942,0.4135038665002945,0.03196528900276352,DEMOCRAT,0.554530844496942,0.4135038665002945
2016,NEW MEXICO,385234.0,93418.0,319667.0,798319.0,0.48255647178634103,0.40042514333242724,0.11701838488123169,DEMOCRAT,0.48255647178634103,0.40042514333242724
2016,NEW YORK,4379789.0,895153.0,2527142.0,7802084.0,0.5613614259984896,0.32390602305742927,0.1147325509440811,DEMOCRAT,0.5613614259984896,0.32390602305742927
2016,NORTH CAROLINA,2189316.0,189617.0,2362631.0,4741564.0,0.46172866168209475,0.49828094696180414,0.039990391356101065,REPUBLICAN,0.49828094696180414,0.46172866168209475
2016,NORTH DAKOTA,93758.0,33808.0,216794.0,344360.0,0.27226739458706006,0.629556278313393,0.09817632709954699,REPUBLICAN,0.629556278313393,0.27226739458706006
2016,OHIO,2394164.0,261318.0,2841005.0,5496487.0,0.4355807627672002,0.5168765067578619,0.0475427304749379,REPUBLICAN,0.5168765067578619,0.4355807627672002
2016,OKLAHOMA,420375.0,83481.0,949136.0,1452992.0,0.2893168028454389,0.6532286481962736,0.05745454895828745,REPUBLICAN,0.6532286481962736,0.2893168028454389
2016,OREGON,1002106.0,216827.0,782403.0,2001336.0,0.5007185200286208,0.39094035184496756,0.10834112812641156,DEMOCRAT,0.5007185200286208,0.39094035184496756
2016,PENNSYLVANIA,2926441.0,218228.0,2970733.0,6115402.0,0.4785361616456285,0.4857788580374602,0.0356849803169113,REPUBLICAN,0.4857788580374602,0.4785361616456285
2016,RHODE ISLAND,252525.0,31076.0,180543.0,464144.0,0.5440660657037472,0.3889805749939674,0.06695335930228549,DEMOCRAT,0.5440660657037472,0.3889805749939674
2016,SOUTH CAROLINA,855373.0,92265.0,1155389.0,2103027.0,0.4067341978966509,0.5493933268569543,0.043872475246394836,REPUBLICAN,0.5493933268569543,0.4067341978966509
2016,SOUTH DAKOTA,117458.0,24914.0,227721.0,370093.0,0.3173742815994899,0.615307503789588,0.06731821461092212,REPUBLICAN,0.615307503789588,0.3173742815994899
2016,TENNESSEE,870695.0,114407.0,1522925.0,2508027.0,0.34716332798650096,0.6072203369421462,0.0456163350713529,REPUBLICAN,0.6072203369421462,0.34716332798650096
2016,TEXAS,3877868.0,406311.0,4685047.0,8969226.0,0.4323525798101196,0.5223468557933538,0.04530056439652652,REPUBLICAN,0.5223468557933538,0.4323525798101196
2016,UTAH,310674.0,305432.0,515211.0,1131317.0,0.2746126859226901,0.4554081658810042,0.2699791481963057,REPUBLICAN,0.4554081658810042,0.2746126859226901
2016,VERMONT,178573.0,46525.0,95369.0,320467.0,0.5572274212321393,0.29759382401308093,0.14517875475477973,DEMOCRAT,0.5572274212321393,0.29759382401308093
2016,VIRGINIA,1981473.0,231836.0,1769443.0,3982752.0,0.49751352833417695,0.44427647013924043,0.05821000152658262,DEMOCRAT,0.49751352833417695,0.44427647013924043
2016,WASHINGTON,1742718.0,352554.0,1221747.0,3317019.0,0.5253868006182659,0.3683268018663746,0.10628639751535943,DEMOCRAT,0.5253868006182659,0.3683268018663746
2016,WEST VIRGINIA,188794.0,34886.0,489371.0,713051.0,0.26476928017771517,0.6863057481161936,0.04892497170609115,REPUBLICAN,0.6863057481161936,0.26476928017771517
2016,WISCONSIN,1382536.0,188330.0,1405284.0,2976150.0,0.4645384137224266,0.4721818456731012,0.06327974060447222,REPUBLICAN,0.4721818456731012,0.4645384137224266
2016,WYOMING,55973.0,28396.0,174419.0,258788.0,0.2162890087639303,0.6739841105460841,0.10972688068998562,REPUBLICAN,0.6739841105460841,0.2162890087639303
2020,ALABAMA,849624.0,32488.0,1441170.0,2323282.0,0.36569990212122333,0.620316431668648,0.013983666210128603,REPUBLICAN,0.620316431668648,0.36569990212122333
2020,ALASKA,153778.0,15801.0,189951.0,359530.0,0.42771952271020497,0.5283314327038078,0.04394904458598726,REPUBLICAN,0.5283314327038078,0.42771952271020497
2020,ARIZONA,1672143.0,53497.0,1661686.0,3387326.0,0.49364690614366613,0.4905598103046474,0.015793283551686493,DEMOCRAT,0.49364690614366613,0.4905598103046474
2020,ARKANSAS,423932.0,34490.0,760647.0,1219069.0,0.34775061953014963,0.6239572985614432,0.028292081908407152,REPUBLICAN,0.6239572985614432,0.34775061953014963
2020,CALIFORNIA,11110250.0,384202.0,6006429.0,17500881.0,0.6348394689387351,0.3432072362528492,0.021953294808415645,DEMOCRAT,0.6348394689387351,0.3432072362528492
2020,COLORADO,1804352.0,111021.0,1364607.0,3279980.0,0.5501106714065329,0.4160412563491241,0.033848072244342955,DEMOCRAT,0.5501106714065329,0.4160412563491241
2020,CONNECTICUT,1080831.0,28309.0,714717.0,1823857.0,0.5926073151568352,0.3918711828833072,0.015521501959857598,DEMOCRAT,0.5926073151568352,0.3918711828833072
2020,DELAWARE,296268.0,7475.0,200603.0,504346.0,0.5874300579364167,0.3977487677110555,0.014821174352527828,DEMOCRAT,0.5874300579364167,0.3977487677110555
2020,DISTRICT OF COLUMBIA,317323.0,8447.0,18586.0,344356.0,0.9214969392140692,0.05397321376714795,0.02452984701878289,DEMOCRAT,0.9214969392140692,0.05397321376714795
2020,FLORIDA,5297045.0,101680.0,5668731.0,11067456.0,0.47861450725442234,0.5121981962250404,0.00918729652053733,REPUBLICAN,0.5121981962250404,0.47861450725442234
2020,GEORGIA,2473633.0,64473.0,2461854.0,4999960.0,0.49473055784446274,0.492374738997912,0.01289470315762526,DEMOCRAT,0.49473055784446274,0.492374738997912
2020,HAWAII,366130.0,16790.0,196864.0,579784.0,0.6314937976901742,0.3395471416941482,0.028959060615677563,DEMOCRAT,0.6314937976901742,0.3395471416941482
2020,IDAHO,287021.0,26874.0,554119.0,868014.0,0.33066402154803953,0.6383756483190364,0.030960330132924124,REPUBLICAN,0.6383756483190364,0.33066402154803953
2020,ILLINOIS,3471915.0,114937.0,2446891.0,6033743.0,0.5754164537667581,0.40553450818173725,0.01904903805150468,DEMOCRAT,0.5754164537667581,0.40553450818173725
2020,INDIANA,1242416.0,61183.0,1729519.0,3033118.0,0.4096167705971215,0.5702115776570512,0.020171651745827232,REPUBLICAN,0.5702115776570512,0.4096167705971215
2020,IOWA,759061.0,43397.0,897672.0,1700130.0,0.4464723285866375,0.5280019763194579,0.025525695093904583,REPUBLICAN,0.5280019763194579,0.4464723285866375
2020,KANSAS,570323.0,30574.0,771406.0,1372303.0,0.41559553538832167,0.5621251283426474,0.022279336269030964,REPUBLICAN,0.5621251283426474,0.41559553538832167
2020,KENTUCKY,772474.0,37648.0,1326646.0,2136768.0,0.3615151481115404,0.6208657186929044,0.017619133195555158,REPUBLICAN,0.6208657186929044,0.3615151481115404
2020,LOUISIANA,856034.0,36252.0,1255776.0,2148062.0,0.39851456801526214,0.5846088241400853,0.01687660784465253,REPUBLICAN,0.5846088241400853,0.39851456801526214
2020,MAINE,435072.0,32496.0,360737.0,828305.0,0.5252557934577239,0.43551228110418266,0.03923192543809346,DEMOCRAT,0.5252557934577239,0.43551228110418266
2020,MARYLAND,1985023.0,75593.0,976414.0,3037030.0,0.6536066486007711,0.32150291567748757,0.024890435721741308,DEMOCRAT,0.6536066486007711,0.32150291567748757
2020,MASSACHUSETTS,2382202.0,108601.0,1167202.0,3658005.0,0.6512298370286536,0.3190815758863096,0.02968858708503679,DEMOCRAT,0.6512298370286536,0.3190815758863096
2020,MICHIGAN,2804040.0,85410.0,2649852.0,5539302.0,0.5062081829082437,0.4783729069113762,0.015418910180380127,DEMOCRAT,0.5062081829082437,0.4783729069113762
2020,MINNESOTA,1717077.0,76029.0,1484065.0,3277171.0,0.5239509930974001,0.4528494240916937,0.023199582810906113,DEMOCRAT,0.5239509930974001,0.4528494240916937
2020,MISSISSIPPI,539398.0,17597.0,756764.0,1313759.0,0.41057606455978607,0.5760295457538255,0.013394389686388447,REPUBLICAN,0.5760295457538255,0.41057606455978607
2020,MISSOURI,1253014.0,54212.0,1718736.0,3025962.0,0.4140878173618836,0.5679965577888949,0.017915624849221504,REPUBLICAN,0.5679965577888949,0.4140878173618836
2020,MONTANA,244786.0,15286.0,343602.0,603674.0,0.4054936936160908,0.5691846924002028,0.02532161398370644,REPUBLICAN,0.5691846924002028,0.4054936936160908
2020,NEBRASKA,374583.0,24954.0,556846.0,956383.0,0.39166630941787967,0.5822416333205421,0.026092057261578257,REPUBLICAN,0.5822416333205421,0.39166630941787967
2020,NEVADA,703486.0,32000.0,669890.0,1405376.0,0.5005678195728402,0.4766624732455941,0.022769707181565645,DEMOCRAT,0.5005678195728402,0.4766624732455941
2020,NEW HAMPSHIRE,424921.0,15607.0,365654.0,806182.0,0.5270782528014766,0.45356259504677604,0.019359152151747373,DEMOCRAT,0.5270782528014766,0.45356259504677604
2020,NEW JERSEY,2608335.0,57744.0,1883274.0,4549353.0,0.5733419675281298,0.41396523857348505,0.01269279389838511,DEMOCRAT,0.5733419675281298,0.41396523857348505
2020,NEW MEXICO,501614.0,20457.0,401894.0,923965.0,0.5428928584957222,0.43496669246129455,0.02214044904298323,DEMOCRAT,0.5428928584957222,0.43496669246129455
2020,NEW YORK,5230985.0,185952.0,3244798.0,8661735.0,0.603918845358349,0.3746129384009093,0.021468216240741606,DEMOCRAT,0.603918845358349,0.3746129384009093
2020,NORTH CAROLINA,2684292.0,81737.0,2758773.0,5524802.0,0.4858621177736324,0.4993433248829551,0.014794557343412488,REPUBLICAN,0.4993433248829551,0.4858621177736324
2020,NORTH DAKOTA,114902.0,11322.0,235595.0,361819.0,0.31756762359080093,0.6511404873707572,0.03129188903844187,REPUBLICAN,0.6511404873707572,0.31756762359080093
2020,OHIO,2679165.0,88203.0,3154834.0,5922202.0,0.45239338340705026,0.5327130010087464,0.014893615584203308,REPUBLICAN,0.5327130010087464,0.45239338340705026
2020,OKLAHOMA,503890.0,36529.0,1020280.0,1560699.0,0.32286174335986634,0.6537327184806295,0.02340553815950417,REPUBLICAN,0.6537327184806295,0.32286174335986634
2020,OREGON,1340383.0,75490.0,958448.0,2374321.0,0.5645331865404888,0.4036724604634335,0.031794352996077614,DEMOCRAT,0.5645331865404888,0.4036724604634335
2020,PENNSYLVANIA,3458229.0,79380.0,3377674.0,6915283.0,0.5000849567544814,0.4884361204017247,0.011478922843793956,DEMOCRAT,0.5000849567544814,0.4884361204017247
2020,RHODE ISLAND,307486.0,9582.0,199922.0,516990.0,0.5947619876593357,0.38670380471575855,0.018534207624905704,DEMOCRAT,0.5947619876593357,0.38670380471575855
2020,SOUTH CAROLINA,1091541.0,37452.0,1385103.0,2514096.0,0.43416838497813925,0.5509348091719648,0.014896805849895946,REPUBLICAN,0.5509348091719648,0.43416838497813925
2020,SOUTH DAKOTA,150471.0,11095.0,261043.0,422609.0,0.3560525213613529,0.6176938967225024,0.02625358191614471,REPUBLICAN,0.6176938967225024,0.3560525213613529
2020,TENNESSEE,1143711.0,57665.0,1852475.0,3053851.0,0.37451434271023704,0.6066029416628381,0.018882715626924822,REPUBLICAN,0.6066029416628381,0.37451434271023704
2020,TEXAS,5259126.0,165583.0,5890347.0,11315056.0,0.4647900991387051,0.5205760360355265,0.014633864825768427,REPUBLICAN,0.5205760360355265,0.4647900991387051
2020,UTAH,560282.0,62867.0,865140.0,1488289.0,0.37646048583306063,0.5812983902991959,0.04224112386774343,REPUBLICAN,0.5812983902991959,0.37646048583306063
2020,VERMONT,242820.0,15444.0,112704.0,370968.0,0.6545578055250049,0.3038105712622113,0.04163162321278385,DEMOCRAT,0.6545578055250049,0.3038105712622113
2020,VIRGINIA,2413568.0,84526.0,1962430.0,4460524.0,0.5410951717780242,0.4399550366728214,0.018949791549154316,DEMOCRAT,0.5410951717780242,0.4399550366728214
2020,WASHINGTON,2369612.0,133368.0,1584651.0,4087631.0,0.5797030113530306,0.3876697774334327,0.03262721121353664,DEMOCRAT,0.5797030113530306,0.3876697774334327
2020,WEST VIRGINIA,235984.0,13286.0,545382.0,794652.0,0.29696521244519614,0.6863155192461606,0.01671926830864328,REPUBLICAN,0.6863155192461606,0.29696521244519614
2020,WISCONSIN,1630866.0,56991.0,1610184.0,3298041.0,0.4944953686142774,0.48822437319608825,0.01728025818963439,DEMOCRAT,0.4944953686142774,0.48822437319608825
2020,WYOMING,73491.0,11453.0,193559.0,278503.0,0.26387866557990397,0.6949978994840271,0.04112343493606891,REPUBLICAN,0.6949978994840271,0.26387866557990397
