year,state,DEMOCRAT_%,REPUBLICAN_%,Net_Diff,Status
1976,ALABAMA,6.872153597650666,-6.3492152358667955,13.221368833517461,Lean
1976,ALASKA,-13.20198436931635,8.940489297505373,-22.142473666821722,Safe
1976,ARIZONA,-9.055137098571725,7.402049680866973,-16.4571867794387,Safe
1976,ARKANSAS,16.106612842838576,-14.059749488556688,30.166362331395263,Safe
1976,CALIFORNIA,-0.9002934507107319,0.784227857333375,-1.6845213080441068,Swing
1976,COLORADO,-6.245169288894581,5.063691679164217,-11.308860968058799,Lean
1976,CONNECTICUT,-2.1214143227844815,2.917358408745674,-5.038772731530155,Swing
1976,DELAWARE,3.1139734155303023,-2.3764658950844675,5.49043931061477,Swing
1976,FLORIDA,3.070990943960339,-2.321651614854586,5.392642558814925,Swing
1976,GEORGIA,18.083179572494146,-15.902380957930978,33.985560530425126,Safe
1976,HAWAII,1.7368840540646802,-0.9028024092338494,2.6396864632985295,Swing
1976,IDAHO,-11.736569653089862,10.916183280617487,-22.652752933707347,Safe
1976,ILLINOIS,-0.7475250179090176,1.112757436680456,-1.8602824545894736,Swing
1976,INDIANA,-3.154729493876002,4.358660372457379,-7.513389866333381,Lean
1976,IOWA,-0.39661874612885173,0.5053515561093735,-0.9019703022382253,Swing
1976,KANSAS,-3.9187216114373813,3.5237381318203864,-7.442459743257768,Lean
1976,KENTUCKY,3.8991339819032467,-3.3953378229110265,7.294471804814274,Lean
1976,LOUISIANA,2.9198809359227695,-2.975842948360258,5.8957238842830275,Swing
1976,MAINE,-0.7610386606285713,-0.033308076053056856,-0.7277305845755144,Swing
1976,MARYLAND,4.180304636613119,-1.999506022049935,6.179810658663055,Lean
1976,MASSACHUSETTS,7.256462938284858,-8.52237682251465,15.778839760799507,Safe
1976,MICHIGAN,-2.3900411684255274,2.8966649714682435,-5.286706139893771,Swing
1976,MINNESOTA,6.041186172048862,-6.942342765131499,12.98352893718036,Lean
1976,MISSISSIPPI,0.7718970376473788,-1.221923915347245,1.9938209529946238,Swing
1976,MISSOURI,2.2498703806624,-1.490550062577517,3.740420443239917,Swing
1976,MONTANA,-3.450928314985857,3.875900029988899,-7.326828344974756,Lean
1976,NEBRASKA,-10.405443346696458,10.239802164902322,-20.64524551159878,Safe
1976,NEVADA,-3.0453112487008607,1.201857351821367,-4.247168600522228,Swing
1976,NEW HAMPSHIRE,-5.382423186371893,5.7827390949075745,-11.165162281279468,Lean
1976,NEW JERSEY,-0.9312002529466901,1.1172548460029352,-2.048455098949625,Swing
1976,NEW MEXICO,-0.570710956426479,1.785811882614985,-2.356522839041464,Swing
1976,NEW YORK,-0.20428243112564082,-6.585532286540785,6.381249855415144,Lean
1976,NORTH CAROLINA,6.414071425662415,-4.7446840582132,11.158755483875616,Lean
1976,NORTH DAKOTA,-3.0850720992871117,2.7277620857608986,-5.81283418504801,Swing
1976,OHIO,0.0435713795709225,-0.29245453267537913,0.33602591224630163,Swing
1976,OKLAHOMA,-0.10789509659226426,0.9976900865307003,-1.1055851831229646,Swing
1976,OREGON,-1.2370525297534907,-1.1796926376532069,-0.057359892100283805,Swing
1976,PENNSYLVANIA,1.5405640639020501,-1.2318707855078048,2.772434849409855,Swing
1976,RHODE ISLAND,6.586889272536078,-4.819891488010125,11.406780760546203,Lean
1976,SOUTH CAROLINA,7.314402383000285,-5.834715055369427,13.149117438369712,Lean
1976,SOUTH DAKOTA,0.05700997674771835,1.4237041620639768,-1.3666941853162584,Swing
1976,TENNESSEE,7.085633020145421,-6.022323124351425,13.107956144496846,Lean
1976,TEXAS,2.2838415203942364,-0.9936625796724496,3.277504100066686,Swing
1976,UTAH,-15.20693654923509,13.470644453585368,-28.67758100282046,Safe
1976,VERMONT,-6.5510620410728135,5.623139706434788,-12.174201747507603,Lean
1976,VIRGINIA,-0.8968996546897479,0.3292353084505206,-1.2261349631402685,Swing
1976,WASHINGTON,-2.7408548463571716,1.0336638702074463,-3.774518716564618,Swing
1976,WEST VIRGINIA,9.21440335850907,-7.033604743945898,16.248008102454968,Safe
1976,WISCONSIN,0.6482482875884377,-1.1379887967065794,1.786237084295017,Swing
1976,WYOMING,-9.045849761663838,10.339496409077864,-19.385346170741702,Safe
1980,ALABAMA,8.23742629815738,-3.316015118940724,11.553441417098105,Lean
1980,ALASKA,-12.803530974071498,2.282061253294332,-15.08559222736583,Safe
1980,ARIZONA,-10.966749179718816,8.542713101126454,-19.50946228084527,Safe
1980,ARKANSAS,8.311197850399504,-3.931863055300422,12.243060905699926,Lean
1980,CALIFORNIA,-3.2919958588831233,0.6313676012644764,-3.9233634601475997,Swing
1980,COLORADO,-8.141400265109278,3.0027996669294343,-11.144199932038712,Lean
1980,CONNECTICUT,-0.6892271000994654,-3.9101782744886737,3.2209511743892083,Swing
1980,DELAWARE,5.662712213973781,-4.8590473445132565,10.521759558487037,Lean
1980,FLORIDA,-0.71121293887762,3.4530274247223436,-4.164240363599964,Swing
1980,GEORGIA,16.584672578219273,-11.098828691433333,27.683501269652606,Safe
1980,HAWAII,5.590685356088443,-9.165516396039042,14.756201752127485,Safe
1980,IDAHO,-14.020716976756475,14.389831487835302,-28.410548464591777,Safe
1980,ILLINOIS,2.504975415170352,-2.4200823873056665,4.925057802476019,Swing
1980,INDIANA,-1.5582403322477956,3.9391063895057976,-5.497346721753593,Swing
1980,IOWA,-0.6072697869073773,-0.7611334641662415,0.15386367725886418,Swing
1980,KANSAS,-5.923857307433206,5.7839251900524635,-11.70778249748567,Lean
1980,KENTUCKY,8.442483056435412,-3.0339678447022065,11.476450901137618,Lean
1980,LOUISIANA,6.536799010080263,-0.8677878808209694,7.404586890901232,Lean
1980,MAINE,3.0389214294040237,-6.460593524532992,9.499514953937016,Lean
1980,MARYLAND,7.9266967678523645,-7.885170190018287,15.811866957870652,Safe
1980,MASSACHUSETTS,2.538346358672272,-10.16465791766159,12.70300427633386,Lean
1980,MICHIGAN,3.2859807313023124,-3.0799533891925854,6.365934120494898,Lean
1980,MINNESOTA,7.2901296724800115,-9.507473036347886,16.797602708827895,Safe
1980,MISSISSIPPI,8.92773179441218,-2.602832786687015,11.530564581099195,Lean
1980,MISSOURI,5.134283823743435,-0.9103717511231402,6.044655574866575,Lean
1980,MONTANA,-6.780782574017053,4.758391029380982,-11.539173603398034,Lean
1980,NEBRASKA,-13.188694302672127,13.483883247364547,-26.672577550036674,Safe
1980,NEVADA,-11.85476944052688,11.545719026115918,-23.4004884666428,Safe
1980,NEW HAMPSHIRE,-10.860694469170678,5.6710453739653115,-16.531739843135988,Safe
1980,NEW JERSEY,-0.6534407247930252,-0.09297549734145205,-0.5604652274515731,Swing
1980,NEW MEXICO,-2.426603832055596,2.9006911702604388,-5.327295002316035,Swing
1980,NEW YORK,4.780667145879441,-9.536025037582284,14.316692183461726,Safe
1980,NORTH CAROLINA,7.971422584255833,-2.761160103518673,10.732582687774507,Lean
1980,NORTH DAKOTA,-12.91292986711135,12.259573083101705,-25.172502950213055,Safe
1980,OHIO,1.6983807681619278,-0.5547090361648022,2.25308980432673,Swing
1980,OKLAHOMA,-4.243771415633879,8.433574209672546,-12.677345625306426,Lean
1980,OREGON,-0.5416221196010373,-3.734669605480312,3.1930474858792746,Swing
1980,PENNSYLVANIA,3.2644978505586897,-2.4800012438841943,5.744499094442884,Swing
1980,RHODE ISLAND,8.470715093043784,-14.85332753501256,23.324042628056347,Safe
1980,SOUTH CAROLINA,8.997533544194003,-2.612372973982974,11.609906518176977,Lean
1980,SOUTH DAKOTA,-7.5196264694302855,8.459096406668664,-15.97872287609895,Safe
1980,TENNESSEE,9.196285749457411,-3.3672475358634824,12.563533285320894,Lean
1980,TEXAS,2.2085973692718586,3.215815979834924,-1.0072186105630654,Swing
1980,UTAH,-18.64276793033529,20.711410766233474,-39.354178696568766,Safe
1980,VERMONT,-0.79024936044233,-7.702120448143646,6.911871087701316,Lean
1980,VIRGINIA,1.0973079164717403,0.966663727024919,0.13064418944682132,Swing
1980,WASHINGTON,-1.8953607446058396,-2.4077916465296667,0.5124309019238271,Swing
1980,WEST VIRGINIA,10.5994020378326,-6.763274420879362,17.362676458711963,Safe
1980,WISCONSIN,3.9688827386117396,-4.167360811546844,8.136243550158584,Lean
1980,WYOMING,-11.241221183629236,10.57781281485033,-21.819033998479565,Safe
1984,ALABAMA,-0.18307657992085447,-0.08483508900063441,-0.09824149092022005,Swing
1984,ALASKA,-8.596080093967851,6.026653685591555,-14.622733779559406,Safe
1984,ARIZONA,-5.921214675154513,5.794154221808768,-11.71536889696328,Lean
1984,ARKANSAS,-0.17307284352679475,-0.16030331113415786,-0.012769532392636895,Swing
1984,CALIFORNIA,2.803917854246196,-3.1103857849137273,5.9143036391599235,Swing
1984,COLORADO,-3.340959544872696,2.8148273330700024,-6.155786877942699,Lean
1984,CONNECTICUT,0.36612374885193755,0.10462309834441408,0.26150065050752347,Swing
1984,DELAWARE,1.4682635195008675,-0.844634546133427,2.3128980656342946,Swing
1984,FLORIDA,-3.8036108767067867,4.6912524046292425,-8.494863281336029,Lean
1984,GEORGIA,1.321447399136133,-0.455030070589002,1.776477469725135,Swing
1984,HAWAII,5.352057783010766,-5.527669864431505,10.879727647442271,Lean
1984,IDAHO,-12.071644897696865,11.737341649229748,-23.80898654692661,Safe
1984,ILLINOIS,4.832695361762434,-4.4527370956347845,9.285432457397219,Lean
1984,INDIANA,-0.7811440551293847,1.0469859501793244,-1.828130005308709,Swing
1984,IOWA,7.423223958765907,-7.355216468521409,14.778440427287315,Safe
1984,KANSAS,-5.86582126736388,5.644879239979151,-11.510700507343032,Lean
1984,KENTUCKY,0.9373887364093558,-0.6203910131445389,1.5577797495538948,Swing
1984,LOUISIANA,-0.2884652147052691,0.14637828772386952,-0.4348435024291386,Swing
1984,MAINE,0.31718289666595734,0.20673988804496002,0.11044300862099732,Swing
1984,MARYLAND,8.552533015181208,-8.122276046106258,16.674809061287466,Safe
1984,MASSACHUSETTS,9.969924828416737,-9.406546127697467,19.376470956114204,Safe
1984,MICHIGAN,1.7722180987212621,-1.4013014663563972,3.173519565077659,Swing
1984,MINNESOTA,11.254988718303016,-11.088913448708265,22.34390216701128,Safe
1984,MISSISSIPPI,-1.0405762523027662,1.2549925521246896,-2.2955688044274556,Swing
1984,MISSOURI,1.5113914871375533,-0.6025779687298116,2.113969455867365,Swing
1984,MONTANA,-0.28727599955760685,-0.15284655261118552,-0.13442944694642134,Swing
1984,NEBRASKA,-9.654030980595513,9.923362218949904,-19.57739319954542,Safe
1984,NEVADA,-6.04451270479221,6.142621525569458,-12.187134230361668,Lean
1984,NEW HAMPSHIRE,-7.518688857266076,8.040003147072417,-15.558692004338493,Safe
1984,NEW JERSEY,0.733690092123146,-0.5368089064257564,1.2704989985489024,Swing
1984,NEW MEXICO,0.7625744897153008,-0.9230301744103775,1.6856046641256783,Swing
1984,NEW YORK,5.628529044027214,-11.022315421899819,16.650844465927033,Safe
1984,NORTH CAROLINA,-0.5718941663132193,1.2695703148775217,-1.841464481190741,Swing
1984,NORTH DAKOTA,-4.664892893582201,4.212413604574361,-8.877306498156562,Lean
1984,OHIO,1.53934163959078,-1.928642287996707,3.467983927587487,Swing
1984,OKLAHOMA,-7.796711224360342,7.983523207340159,-15.780234431700501,Safe
1984,OREGON,5.275823385024209,-4.7215067509084445,9.997330135932653,Lean
1984,PENNSYLVANIA,7.525318821709476,-7.2862607142975655,14.811579536007041,Safe
1984,RHODE ISLAND,9.553506810340318,-8.962119581065775,18.515626391406094,Safe
1984,SOUTH CAROLINA,-2.8986863323099965,2.92667955519742,-5.825365887507417,Swing
1984,SOUTH DAKOTA,-1.9350580639449,2.3760658648670385,-4.311123928811939,Swing
1984,TENNESSEE,3.1083915742587176,-2.787606161106071,5.895997735364789,Swing
1984,TEXAS,-2.349909552318208,2.9832843594982617,-5.333193911816469,Swing
1984,UTAH,-13.788638360060304,13.87446281777459,-27.663101177834896,Safe
1984,VERMONT,2.348553425430394,-2.7042297412235516,5.052783166653946,Swing
1984,VIRGINIA,-1.370919362197226,1.6598324317629531,-3.030751793960179,Swing
1984,WASHINGTON,4.11695936757413,-4.535569565504771,8.652528933078901,Lean
1984,WEST VIRGINIA,6.133976722023138,-5.515210529987947,11.649187252011085,Lean
1984,WISCONSIN,6.557842764820043,-6.434175801827635,12.992018566647678,Lean
1984,WYOMING,-10.220980744100594,9.882493132158231,-20.103473876258825,Safe
1988,ALABAMA,-4.494543914758204,4.715288606302293,-9.209832521060497,Lean
1988,ALASKA,-8.086879382353512,5.141176924590929,-13.228056306944442,Lean
1988,ARIZONA,-5.613968101026917,5.500507316656423,-11.114475417683341,Lean
1988,ARKANSAS,-2.166110057446946,1.9180758675767295,-4.084185925023675,Swing
1988,CALIFORNIA,3.2016003406979356,-3.3231924372836397,6.524792777981576,Lean
1988,COLORADO,0.9245621002172466,-1.3908719950690762,2.3154340952863226,Swing
1988,CONNECTICUT,2.5166771380983057,-2.472199111509854,4.988876249608159,Swing
1988,DELAWARE,-0.8800859221578528,1.430203332357205,-2.310289254515058,Swing
1988,FLORIDA,-5.850625291989953,6.421798757461616,-12.272424049451569,Lean
1988,GEORGIA,-4.859413779413813,5.303112011917166,-10.162525791330978,Lean
1988,HAWAII,9.911597855539151,-9.69871578811291,19.610313643652063,Safe
1988,IDAHO,-8.34720080452786,7.6286907939600805,-15.97589159848794,Safe
1988,ILLINOIS,4.246713041145739,-3.761491543086759,8.008204584232498,Lean
1988,INDIANA,-4.67165454980284,5.393015330705897,-10.064669880508736,Lean
1988,IOWA,10.354081758686167,-9.953287543467336,20.307369302153504,Safe
1988,KANSAS,-1.7981973340515933,1.3432357489372437,-3.1414330829888373,Swing
1988,KENTUCKY,-0.4742475328730844,1.0717187871826073,-1.5459663200556917,Swing
1988,LOUISIANA,-0.29328512349649505,-0.17504503234735402,-0.11824009114914102,Swing
1988,MAINE,-0.4743033479786718,0.8856689654511585,-1.3599723134298303,Swing
1988,MARYLAND,3.841192050149367,-3.342173701703266,7.183365751852633,Lean
1988,MASSACHUSETTS,8.871209269162234,-9.074701601573508,17.945910870735744,Safe
1988,MICHIGAN,1.3142361220279786,-0.8820665553178286,2.196302677345807,Swing
1988,MINNESOTA,8.554991202427214,-8.554034007275735,17.10902520970295,Safe
1988,MISSISSIPPI,-5.29069763228327,5.440076463053678,-10.730774095336947,Lean
1988,MISSOURI,3.4926069388231564,-2.6181872781244175,6.110794216947574,Lean
1988,MONTANA,1.8406843325355637,-2.3782430787279596,4.2189274112635236,Swing
1988,NEBRASKA,-5.166804149328535,5.713060074419163,-10.879864223747699,Lean
1988,NEVADA,-5.6737168264647755,5.596927104266691,-11.270643930731467,Lean
1988,NEW HAMPSHIRE,-8.023343583430414,8.04111142892323,-16.064455012353644,Safe
1988,NEW JERSEY,-1.7596998466013314,1.7903491291444862,-3.550048975745818,Swing
1988,NEW MEXICO,2.535732030918736,-2.599407331054282,5.1351393619730175,Swing
1988,NEW YORK,5.837133386219223,-10.685456711040608,16.52259009725983,Safe
1988,NORTH CAROLINA,-2.6515307596325863,3.518539447525615,-6.170070207158201,Lean
1988,NORTH DAKOTA,-1.3858411877789134,1.5814714813200847,-2.967312669098998,Swing
1988,OHIO,-0.21100086314876365,0.5519979134594788,-0.7629987766082424,Swing
1988,OKLAHOMA,-3.0761907631475904,3.4790309265384067,-6.555221689685997,Lean
1988,OREGON,6.920270174092741,-7.838393378149938,14.758663552242679,Safe
1988,PENNSYLVANIA,4.028898280533166,-3.7451807130799764,7.774078993613143,Lean
1988,RHODE ISLAND,11.280012366304708,-10.517151625402793,21.7971639917075,Safe
1988,SOUTH CAROLINA,-6.776643675007787,7.05505351878315,-13.831697193790937,Lean
1988,SOUTH DAKOTA,2.148287345315425,-1.5999978785668834,3.7482852238823083,Swing
1988,TENNESSEE,-2.811990428641853,3.4407209516220894,-6.252711380263943,Lean
1988,TEXAS,-1.0084730035959166,1.5037976267839315,-2.512270630379848,Swing
1988,UTAH,-12.31140694026131,11.76920450325577,-24.08061144351708,Safe
1988,VERMONT,3.221967744532245,-3.353708911495268,6.575676656027513,Lean
1988,VIRGINIA,-5.1264373519597335,5.285438784465358,-10.411876136425091,Lean
1988,WASHINGTON,5.6898456768780195,-5.993331096731447,11.683176773609468,Lean
1988,WEST VIRGINIA,7.840268629883979,-6.989209384395539,14.829478014279518,Safe
1988,WISCONSIN,7.056188022379501,-6.65384974925094,13.71003777163044,Lean
1988,WYOMING,-6.344463653407373,6.0806246561068145,-12.425088309514187,Lean
1992,ALABAMA,-0.28238353460905974,9.521436916930481,-9.803820451539542,Lean
1992,ALASKA,-10.87533571515883,1.3335314026831802,-12.20886711784201,Lean
1992,ARIZONA,-4.641994442745973,0.34917509866519425,-4.991169541411167,Swing
1992,ARKANSAS,12.045505809791257,-2.640567376937658,14.686073186728915,Safe
1992,CALIFORNIA,4.844140800820157,-5.509297306546351,10.353438107366507,Lean
1992,COLORADO,-1.0344183875534096,-2.2549140562552306,1.220495668701821,Swing
1992,CONNECTICUT,1.0561259200802586,-2.340725460704396,3.3968513807846543,Swing
1992,DELAWARE,2.3614808660705924,-2.7973317815630114,5.158812647633604,Swing
1992,FLORIDA,-2.172325474931003,2.778530253576222,-4.950855728507225,Swing
1992,GEORGIA,2.3062382965367667,4.75388650388574,-2.447648207348973,Swing
1992,HAWAII,6.9303107507023505,-1.4269207488013746,8.357231499503726,Lean
1992,IDAHO,-12.743234985880092,3.9086231199442323,-16.651858105824324,Safe
1992,ILLINOIS,7.417230780456496,-3.786499550257699,11.203730330714194,Lean
1992,INDIANA,-4.368541395996772,4.782813445301865,-9.151354841298637,Lean
1992,IOWA,2.1233915838447306,-0.8518279736022705,2.975219557447001,Swing
1992,KANSAS,-7.423952903433212,0.7575579157992507,-8.181510819232463,Lean
1992,KENTUCKY,3.3886950330156096,3.216913483651984,0.17178154936362544,Swing
1992,LOUISIANA,4.4220921017876,2.8469291246671524,1.5751629771204474,Swing
1992,MAINE,-2.3956497373308294,-7.733340647697917,5.337690910367087,Swing
1992,MARYLAND,8.650158146523157,-2.494563987690918,11.144722134214074,Lean
1992,MASSACHUSETTS,6.378963888467037,-9.099578724877977,15.478542613345015,Safe
1992,MICHIGAN,2.6112404449386064,-1.7483187674107503,4.359559212349357,Swing
1992,MINNESOTA,2.322204239017278,-6.273133529433594,8.595337768450872,Lean
1992,MISSISSIPPI,-0.39438289559339257,11.559927987793806,-11.954310883387198,Lean
1992,MISSOURI,2.9092387174800893,-4.20228489831111,7.111523615791199,Lean
1992,MONTANA,-3.53132251652632,-3.001470134875567,-0.5298523816507528,Swing
1992,NEBRASKA,-11.758992882025176,8.473533676831973,-20.23252655885715,Safe
1992,NEVADA,-3.80489704123832,-3.3971744293776918,-0.4077226118606281,Swing
1992,NEW HAMPSHIRE,-2.2506519481100105,-0.4325396002007653,-1.8181123479092451,Swing
1992,NEW JERSEY,1.7915120835667153,2.457066780327166,-0.6655546967604509,Swing
1992,NEW MEXICO,4.736399598877711,-0.7855057378128638,5.521905336690574,Swing
1992,NEW YORK,6.113859873297189,-9.284223607034475,15.398083480331664,Safe
1992,NORTH CAROLINA,1.490921262700512,5.318842054634409,-3.827920791933897,Swing
1992,NORTH DAKOTA,-8.97894186474726,6.092004992101463,-15.070946856848723,Safe
1992,OHIO,-0.981166476250539,0.2226457544170557,-1.2038122306675947,Swing
1992,OKLAHOMA,-7.137709543605392,4.521781645841805,-11.659491189447197,Lean
1992,OREGON,1.3164080194975558,-5.596753958651924,6.913161978149479,Lean
1992,PENNSYLVANIA,3.983717833790407,-1.9967561643227993,5.980473998113206,Swing
1992,RHODE ISLAND,5.885516521908096,-9.096361993089324,14.98187851499742,Safe
1992,SOUTH CAROLINA,1.6000941351717368,8.869390042830833,-7.269295907659096,Lean
1992,SOUTH DAKOTA,-4.0214762257306855,2.5351778927641733,-6.556654118494858,Lean
1992,TENNESSEE,5.92234604934313,4.309397350704325,1.6129486986388049,Swing
1992,TEXAS,-4.083988705409758,2.4360544289428243,-6.520043134352582,Lean
1992,UTAH,-16.50794528004745,5.240666018157891,-21.748611298205343,Safe
1992,VERMONT,4.951304725289779,-7.705707856988964,12.657012582278742,Lean
1992,VIRGINIA,-0.5763726368026911,6.833399671475432,-7.409772308278123,Lean
1992,WASHINGTON,2.2477729980026337,-6.158361333548595,8.406134331551229,Lean
1992,WEST VIRGINIA,7.25237457952011,-2.7309375181107987,9.983312097630908,Lean
1992,WISCONSIN,-0.03089129847596017,-1.3467457192679833,1.315854420792023,Swing
1992,WYOMING,-7.062669168295499,1.5725573014430227,-8.635226469738521,Lean
1996,ALABAMA,-4.00729384734857,8.204144906210226,-12.211438753558795,Lean
1996,ALASKA,-13.89626789364033,8.883559875038555,-22.779827768678885,Safe
1996,ARIZONA,-0.6463155970958534,2.376718197712191,-3.023033794808044,Swing
1996,ARKANSAS,6.573067608775513,-5.116840634596259,11.689908243371772,Lean
1996,CALIFORNIA,3.935484075354628,-3.7082782189075014,7.64376229426213,Lean
1996,COLORADO,-2.736883133823892,3.878759241977642,-6.615642375801534,Lean
1996,CONNECTICUT,5.668199928793011,-7.226893811852425,12.895093740645436,Lean
1996,DELAWARE,4.664468240808733,-5.337808339203281,10.002276580012015,Lean
1996,FLORIDA,0.8621896546466001,0.40685045071494064,0.4553392039316595,Swing
1996,GEORGIA,-1.3219156936507825,5.097981815744723,-6.419897509395506,Lean
1996,HAWAII,9.765419967434912,-10.277411727810708,20.04283169524562,Safe
1996,IDAHO,-13.516991692223629,10.266409845871244,-23.78340153809487,Safe
1996,ILLINOIS,7.151896287114595,-5.107745316261997,12.259641603376592,Lean
1996,INDIANA,-5.606243897423391,5.224681857558072,-10.830925754981463,Lean
1996,IOWA,3.097583146979882,-1.997596198189927,5.095179345169809,Swing
1996,KANSAS,-11.078582138909422,12.37300262257664,-23.45158476148606,Safe
1996,KENTUCKY,-1.3212030578467315,2.9645231615693604,-4.285726219416092,Swing
1996,LOUISIANA,4.846614202245253,-1.9736188666348686,6.820233068880122,Lean
1996,MAINE,4.460574343719009,-11.157024455049497,15.617598798768505,Safe
1996,MARYLAND,7.091392808689073,-3.6482008061551885,10.739593614844262,Lean
1996,MASSACHUSETTS,14.308717168365442,-13.829706275611997,28.138423443977437,Safe
1996,MICHIGAN,4.53143903152457,-3.433103963615569,7.964542995140139,Lean
1996,MINNESOTA,3.9373750388353947,-6.96226858700944,10.899643625844835,Lean
1996,MISSISSIPPI,-3.0822813224438415,7.289054011538959,-10.3713353339828,Lean
1996,MISSOURI,0.3761967364435681,-0.6763084427630517,1.0525051792066198,Swing
1996,MONTANA,-5.913317060008288,2.2138424433519654,-8.127159503360254,Lean
1996,NEBRASKA,-12.212723527037788,11.7372990069814,-23.95002253401919,Safe
1996,NEVADA,-3.2298846587561822,0.9970146215101117,-4.226899280266294,Swing
1996,NEW HAMPSHIRE,2.407195806267631,-2.351208771227953,4.758404577495584,Swing
1996,NEW JERSEY,6.556911318010878,-6.0545900950692175,12.611501413080095,Lean
1996,NEW MEXICO,2.0198206925010065,-0.061578430015352126,2.0813991225163586,Swing
1996,NEW YORK,9.515557487245891,-14.915490391641967,24.43104787888786,Safe
1996,NORTH CAROLINA,-3.1278494057710216,6.811715364336091,-9.939564770107111,Lean
1996,NORTH DAKOTA,-7.03553396931122,5.021054230033512,-12.05658819934473,Lean
1996,OHIO,0.2123659040280279,-0.900826071901728,1.113191975929756,Swing
1996,OKLAHOMA,-6.714244092925581,6.338597937185342,-13.052842030110924,Lean
1996,OREGON,-0.01141022741374953,-2.8577749451039303,2.8463647176901805,Swing
1996,PENNSYLVANIA,2.062743224589231,-1.903342468524849,3.96608569311408,Swing
1996,RHODE ISLAND,12.555206940531255,-15.092892470849922,27.648099411381175,Safe
1996,SOUTH CAROLINA,-3.1571286197222936,7.929977981843633,-11.087106601565926,Lean
1996,SOUTH DAKOTA,-4.1362620407238095,4.571156826947292,-8.707418867671102,Lean
1996,TENNESSEE,0.8353302494681913,3.6726992766823283,-2.837369027214137,Swing
1996,TEXAS,-3.3316096061075164,6.841043346097242,-10.172652952204759,Lean
1996,UTAH,-13.866605110655449,12.453580596647345,-26.320185707302794,Safe
1996,VERMONT,6.191052020122228,-10.827618631398355,17.018670651520583,Safe
1996,VIRGINIA,-2.0156103797152602,5.186920424051239,-7.2025308037665,Lean
1996,WASHINGTON,2.677090505160906,-4.61633178487123,7.293422290032137,Lean
1996,WEST VIRGINIA,4.342214261113236,-5.160263805922688,9.502478067035923,Lean
1996,WISCONSIN,1.647570619434141,-3.440286041518098,5.087856660952239,Swing
1996,WYOMING,-10.32752029564819,7.894421509526711,-18.2219418051749,Safe
2000,ALABAMA,-3.5673263774409714,6.096248889210488,-9.66357526665146,Lean
2000,ALASKA,-17.467489501834343,8.233448851813407,-25.70093835364775,Safe
2000,ARIZONA,-0.3992443079501806,0.6336316963797994,-1.03287600432998,Swing
2000,ARKANSAS,0.7304269350959292,0.91969123257577,-0.18926429747984086,Swing
2000,CALIFORNIA,8.315907502415426,-8.736009658801708,17.051917161217133,Safe
2000,COLORADO,-2.740320314032979,0.3627083096150452,-3.103028623648024,Swing
2000,CONNECTICUT,10.775798807101317,-11.943903236979864,22.71970204408118,Safe
2000,DELAWARE,9.843897837751875,-8.471218135390085,18.31511597314196,Safe
2000,FLORIDA,3.7039918786971215,-1.540679892016733,5.244671770713855,Swing
2000,GEORGIA,-1.922829669097642,4.572063187322051,-6.4948928564196935,Lean
2000,HAWAII,10.657838586964512,-12.924637766866503,23.582476353831016,Safe
2000,IDAHO,-17.495700481504624,16.7829330164209,-34.278633497925526,Safe
2000,ILLINOIS,9.462691884215873,-7.802626490846931,17.265318375062805,Safe
2000,INDIANA,-4.1217263945000635,6.259375137469137,-10.3811015319692,Lean
2000,IOWA,2.0580862532694475,-3.501868240879713,5.55995449414916,Swing
2000,KANSAS,-7.8954370610937685,7.654156782900545,-15.549593843994312,Safe
2000,KENTUCKY,-3.7556467394284807,6.118976899131634,-9.874623638560115,Lean
2000,LOUISIANA,-0.2584968709991087,2.1635567101964903,-2.422053581195599,Swing
2000,MAINE,3.952187148609948,-6.415655469069309,10.367842617679257,Lean
2000,MARYLAND,11.354479059165895,-10.202725808994872,21.557204868160767,Safe
2000,MASSACHUSETTS,13.992296695340094,-18.2546034704552,32.246900165795296,Safe
2000,MICHIGAN,6.14596954535232,-4.2412917319165135,10.387261277268834,Lean
2000,MINNESOTA,2.771742735013177,-4.8851558119639265,7.656898546977104,Lean
2000,MISSISSIPPI,-4.435729174863861,7.232008635763398,-11.667737810627258,Lean
2000,MISSOURI,1.9504440227633368,0.03530949531724836,1.9151345274460885,Swing
2000,MONTANA,-11.768702532698894,8.051953760865338,-19.820656293564234,Safe
2000,NEBRASKA,-11.880790312055318,11.857855570550214,-23.73864588260553,Safe
2000,NEVADA,0.8074334366698077,-0.9024172161419153,1.709850652811723,Swing
2000,NEW HAMPSHIRE,1.6693498354482694,-2.317196613614081,3.9865464490623506,Swing
2000,NEW JERSEY,10.99177958974889,-10.096262604977191,21.088042194726082,Safe
2000,NEW MEXICO,2.7747247295051514,-2.5400945647245434,5.314819294229695,Swing
2000,NEW YORK,11.505441156966473,-17.93768989948265,29.443131056449122,Safe
2000,NORTH CAROLINA,-1.9881581566557838,5.570249823271434,-7.5584079799272175,Lean
2000,NORTH DAKOTA,-12.078489627292848,10.271074797044077,-22.349564424336926,Safe
2000,OHIO,1.306598765017447,-0.40103262889177316,1.7076313939092203,Swing
2000,OKLAHOMA,-6.70692475576563,9.920345644425133,-16.627270400190763,Safe
2000,OREGON,1.8261106987816966,-3.8685847260604813,5.694695424842178,Swing
2000,PENNSYLVANIA,5.474341987427084,-3.9493735354317163,9.4237155228588,Lean
2000,RHODE ISLAND,15.853870864340076,-18.47570725014997,34.32957811449005,Safe
2000,SOUTH CAROLINA,-4.2323059515741335,6.472878158553397,-10.70518411012753,Lean
2000,SOUTH DAKOTA,-7.569603934927699,9.909266219955493,-17.47887015488319,Safe
2000,TENNESSEE,2.151065392414381,0.7616467167107954,1.3894186757035856,Swing
2000,TEXAS,-7.151871233767992,8.91109300404629,-16.06296423781428,Safe
2000,UTAH,-18.789107144202116,16.442636486871407,-35.23174363107353,Safe
2000,VERMONT,5.500879890856253,-9.690345666525324,15.191225557381578,Safe
2000,VIRGINIA,-0.6982187805830986,2.086222722891884,-2.7844415034749828,Swing
2000,WASHINGTON,5.024385991415231,-5.808858516554666,10.833244507969898,Lean
2000,WEST VIRGINIA,0.45883504135623143,1.5277134629938294,-1.068878421637598,Swing
2000,WISCONSIN,2.6989903353484115,-2.774342949912856,5.473333285261267,Swing
2000,WYOMING,-16.83544728478243,18.835236674353695,-35.67068395913613,Safe
2004,ALABAMA,-8.781268261938846,9.383087114772938,-18.164355376711782,Safe
2004,ALASKA,-10.10880867221165,7.987727269611589,-18.096535941823237,Safe
2004,ARIZONA,-1.228837655520465,1.7918314430859228,-3.0206690986063878,Swing
2004,ARKANSAS,-1.0780401391269234,1.2283564355075383,-2.3063965746344617,Swing
2004,CALIFORNIA,8.679886950358352,-8.719906665686066,17.39979361604442,Safe
2004,COLORADO,1.4121716699722842,-1.3665072883357277,2.778678958308012,Swing
2004,CONNECTICUT,8.68803838767419,-9.130324732099842,17.818363119774034,Safe
2004,DELAWARE,7.721167017965502,-7.3247840710042755,15.045951088969778,Safe
2004,FLORIDA,1.4654394433982143,-0.9800864105908857,2.4455258539891,Swing
2004,GEORGIA,-4.250724530937244,4.897154124060621,-9.147878654997864,Lean
2004,HAWAII,8.383881573777096,-7.813006931375977,16.196888505153073,Safe
2004,IDAHO,-15.360753542188654,15.313342181062428,-30.67409572325108,Safe
2004,ILLINOIS,9.197489624711796,-8.598975816579346,17.79646544129114,Safe
2004,INDIANA,-6.362695918979439,6.867162393729343,-13.229858312708782,Lean
2004,IOWA,3.607461099900938,-3.1769451376255864,6.784406237526524,Lean
2004,KANSAS,-9.002576278751572,8.92637797261946,-17.92895425137103,Safe
2004,KENTUCKY,-5.938597602906325,6.471911189272717,-12.410508792179042,Lean
2004,LOUISIANA,-3.4098058811037335,3.644418698162155,-7.054224579265888,Lean
2004,MAINE,7.947185108277455,-8.501145205080885,16.44833031335834,Safe
2004,MARYLAND,10.346090624086834,-10.099384864333583,20.445475488420417,Safe
2004,MASSACHUSETTS,15.990989620537688,-16.489200771677893,32.48019039221558,Safe
2004,MICHIGAN,5.605036144740461,-5.2655440851176625,10.870580229858124,Lean
2004,MINNESOTA,5.464014101690529,-5.464068851406373,10.9280829530969,Lean
2004,MISSISSIPPI,-5.464557991494662,5.936771506063588,-11.40132949755825,Lean
2004,MISSOURI,0.47477593251586403,0.21858929633767898,0.25618663617818505,Swing
2004,MONTANA,-7.060642189479033,5.990540525660681,-13.051182715139714,Lean
2004,NEBRASKA,-12.943509764152195,12.821038555962916,-25.76454832011511,Safe
2004,NEVADA,2.2523699346410075,-2.607911097616733,4.86028103225774,Swing
2004,NEW HAMPSHIRE,4.575940238241394,-4.2432596583210245,8.819199896562418,Lean
2004,NEW JERSEY,7.297738422711442,-6.838790961640595,14.136529384352038,Safe
2004,NEW MEXICO,3.4210090577326935,-3.2391778825140385,6.6601869402467315,Lean
2004,NEW YORK,10.50491068117585,-15.391072650577941,25.89598333175379,Safe
2004,NORTH CAROLINA,-2.042524363814308,2.9395946948666873,-4.982119058680995,Swing
2004,NORTH DAKOTA,-10.126858118879184,9.783732318537231,-19.910590437416417,Safe
2004,OHIO,3.0810146588376055,-2.2635783073982285,5.344592966235834,Swing
2004,OKLAHOMA,-11.196072249072076,12.492799021828226,-23.6888712709003,Safe
2004,OREGON,5.7229924578958595,-5.884685900494607,11.607678358390466,Lean
2004,PENNSYLVANIA,5.298138559834609,-4.653936489873628,9.952075049708236,Lean
2004,RHODE ISLAND,13.797755641967003,-14.406165509234276,28.20392115120128,Safe
2004,SOUTH CAROLINA,-4.723834644401325,4.904347038718948,-9.628181683120273,Lean
2004,SOUTH DAKOTA,-7.182024666461212,6.833529075321076,-14.015553741782288,Safe
2004,TENNESSEE,-3.100379475519832,3.721486848435418,-6.82186632395525,Lean
2004,TEXAS,-7.401410121574664,8.008220126133702,-15.409630247708368,Safe
2004,UTAH,-19.630029075614125,18.458345210375093,-38.08837428598922,Safe
2004,VERMONT,13.311791992811129,-14.276287278977385,27.588079271788516,Safe
2004,VIRGINIA,-0.09975298049929582,0.6543539260937203,-0.7541069065930162,Swing
2004,WASHINGTON,7.195477727520927,-7.437320650513474,14.632798378034401,Safe
2004,WEST VIRGINIA,-2.420529487294604,2.9931152265389005,-5.413644713833504,Swing
2004,WISCONSIN,4.074046500095207,-3.7577311845028163,7.831777684598023,Lean
2004,WYOMING,-16.602579561151178,15.661966209820244,-32.264545770971424,Safe
2008,ALABAMA,-11.701118264367816,12.562049257583052,-24.26316752195087,Safe
2008,ALASKA,-12.552178959553405,11.669655767218757,-24.221834726772162,Safe
2008,ARIZONA,-5.326301684178459,5.880384051039689,-11.206685735218148,Lean
2008,ARKANSAS,-11.576892793818505,10.961040728342041,-22.537933522160547,Safe
2008,CALIFORNIA,10.571085788191514,-10.80000493912307,21.371090727314584,Safe
2008,COLORADO,3.2186842817488515,-3.0473416622503913,6.266025943999242,Lean
2008,CONNECTICUT,10.147277117179076,-9.533400465960613,19.68067758313969,Safe
2008,DELAWARE,11.501116422561196,-10.807830222612258,22.308946645173457,Safe
2008,FLORIDA,0.591752711722171,0.4604553943886702,0.1312973173335008,Swing
2008,GEORGIA,-3.451373462877677,4.449654221341969,-7.901027684219646,Lean
2008,HAWAII,21.01135755893545,-21.318661835017245,42.330019393952696,Safe
2008,IDAHO,-14.350564926104886,13.762227701451057,-28.11279262755594,Safe
2008,ILLINOIS,11.476561961070498,-10.973941229440353,22.45050319051085,Safe
2008,INDIANA,-0.49564091925845544,1.15904340726099,-1.6546843265194455,Swing
2008,IOWA,3.486467514922531,-3.3616044162854744,6.848071931208006,Lean
2008,KANSAS,-8.78958536492912,8.857390571904332,-17.646975936833453,Safe
2008,KENTUCKY,-9.273438775013949,9.644157371288365,-18.917596146302316,Safe
2008,LOUISIANA,-10.508638756597627,10.80785753916883,-21.316496295766456,Safe
2008,MAINE,7.26418473903323,-7.370845433679313,14.635030172712543,Safe
2008,MARYLAND,11.477792203703196,-11.280344126474851,22.758136330178047,Safe
2008,MASSACHUSETTS,10.921646543859554,-12.019904482255795,22.94155102611535,Safe
2008,MICHIGAN,6.99169474851672,-6.7951581096348415,13.786852858151562,Lean
2008,MINNESOTA,3.6187401393371066,-3.931932727448484,7.5506728667855905,Lean
2008,MISSISSIPPI,-7.439998132704339,8.421325209429842,-15.861323342134181,Safe
2008,MISSOURI,-1.1489046932375957,1.6712106402912652,-2.820115333528861,Swing
2008,MONTANA,-3.173087788860979,1.7775871729982462,-4.950674961859225,Swing
2008,NEBRASKA,-8.843286782018039,8.776989598204066,-17.620276380222105,Safe
2008,NEVADA,4.705123365375963,-5.100748662603505,9.805872027979468,Lean
2008,NEW HAMPSHIRE,3.6853444971918448,-3.2334353006253425,6.918779797817187,Lean
2008,NEW JERSEY,6.830584592943256,-6.050929912312641,12.881514505255897,Lean
2008,NEW MEXICO,6.465927703850616,-5.975828937254812,12.441756641105428,Lean
2008,NEW YORK,9.715408981814932,-16.437626660412352,26.153035642227284,Safe
2008,NORTH CAROLINA,-0.7378861598953068,1.6199348470610553,-2.357821006956362,Swing
2008,NORTH DAKOTA,-5.821012544224829,5.495236506031431,-11.31624905025626,Lean
2008,OHIO,1.062717501582633,-0.8442854083127005,1.9070029098953334,Swing
2008,OKLAHOMA,-16.086633681636236,17.890217351105953,-33.97685103274219,Safe
2008,OREGON,6.30725369797791,-7.353882079295343,13.661135777273254,Lean
2008,PENNSYLVANIA,4.043975453094639,-3.5878112916731206,7.631786744767759,Lean
2008,RHODE ISLAND,12.422452053513434,-12.697017296852199,25.119469350365634,Safe
2008,SOUTH CAROLINA,-5.544992541576499,6.118780207050312,-11.663772748626812,Lean
2008,SOUTH DAKOTA,-5.694121444340993,5.404112601211719,-11.098234045552712,Lean
2008,TENNESSEE,-8.61301449622976,9.142090511306677,-17.755105007536436,Safe
2008,TEXAS,-6.75843111305311,7.697496680738858,-14.455927793791968,Safe
2008,UTAH,-16.035806892867576,14.829005942914165,-30.86481283578174,Safe
2008,VERMONT,17.0141306366665,-17.3056350470378,34.319765683704304,Safe
2008,VIRGINIA,2.1879173142329233,-1.4243630813322306,3.612280395565154,Swing
2008,WASHINGTON,7.211339654705617,-7.278558829472664,14.489898484178282,Safe
2008,WEST VIRGINIA,-7.851802176645989,7.955479335367233,-15.807281512013223,Safe
2008,WISCONSIN,5.77623395899961,-5.441201283239461,11.21743524223907,Lean
2008,WYOMING,-17.932058788739052,16.95891082590798,-34.890969614647034,Safe
2012,ALABAMA,-9.742653076970115,10.814714789673346,-20.55736786664346,Safe
2012,ALASKA,-7.289027063258158,5.070469857144993,-12.359496920403151,Lean
2012,ARIZONA,-3.5119192339231997,3.923425625825222,-7.4353448597484215,Lean
2012,ARKANSAS,-11.222695874002481,10.835828543959641,-22.058524417962122,Safe
2012,CALIFORNIA,12.137272965967055,-12.610729019444673,24.748001985411726,Safe
2012,COLORADO,3.390540375892587,-3.6040159011014925,6.9945562769940794,Lean
2012,CONNECTICUT,9.983327083131838,-8.985993293234435,18.969320376366273,Safe
2012,DELAWARE,10.509055808862694,-9.748503466603363,20.257559275466058,Safe
2012,FLORIDA,1.9061788929761014,-0.6001297781739412,2.506308671150043,Swing
2012,GEORGIA,-2.5937265088404935,3.5981346373750442,-6.191861146215538,Lean
2012,HAWAII,22.046246269909325,-22.04895985475354,44.095206124662866,Safe
2012,IDAHO,-15.479352616512804,14.798675955743363,-30.27802857225617,Safe
2012,ILLINOIS,9.500449186754507,-8.99836626933257,18.498815456087076,Safe
2012,INDIANA,-4.174383271664183,4.394424840074978,-8.568808111739163,Lean
2012,IOWA,3.8863303584264983,-3.55323902961337,7.439569388039868,Lean
2012,KANSAS,-10.107115621803564,9.980212829066653,-20.087328450870217,Safe
2012,KENTUCKY,-10.300358341276784,10.762034059172148,-21.062392400448932,Safe
2012,LOUISIANA,-7.524222552420435,8.05346818832478,-15.577690740745215,Safe
2012,MAINE,7.26934801775993,-9.403715500323766,16.673063518083698,Safe
2012,MARYLAND,13.872504603595909,-13.833375201204085,27.70587980479999,Safe
2012,MASSACHUSETTS,12.236622144493886,-12.41198522481461,24.648607369308493,Safe
2012,MICHIGAN,6.106518034796165,-5.02019151272925,11.126709547525415,Lean
2012,MINNESOTA,4.550616977523675,-4.772906433480823,9.323523411004498,Lean
2012,MISSISSIPPI,-4.312326631733238,5.5547392034316525,-9.86706583516489,Lean
2012,MISSOURI,-3.718202630269257,4.032633595727614,-7.750836225996871,Lean
2012,MONTANA,-6.403548800916775,5.62042784477102,-12.023976645687796,Lean
2012,NEBRASKA,-10.07437175779361,10.072084638898565,-20.146456396692173,Safe
2012,NEVADA,4.254563294677976,-4.0557918988858415,8.310355193563819,Lean
2012,NEW HAMPSHIRE,3.8779979749893947,-3.3273110474605905,7.205309022449985,Lean
2012,NEW JERSEY,10.24066873491502,-9.10754271300509,19.34821144792011,Safe
2012,NEW MEXICO,4.891074344744189,-6.887780901059343,11.778855245803532,Lean
2012,NEW YORK,12.659297999151903,-18.489510211918077,31.14880821106998,Safe
2012,NORTH CAROLINA,0.2492824013449746,0.6619565619934764,-0.4126741606485018,Swing
2012,NORTH DAKOTA,-9.404375286742855,8.584575018407753,-17.98895030515061,Safe
2012,OHIO,2.5650614825972804,-2.0426666617268996,4.60772814432418,Swing
2012,OKLAHOMA,-14.874005918739147,17.04121220286709,-31.915218121606237,Safe
2012,OREGON,6.137640477046419,-7.58123636363614,13.718876840682558,Lean
2012,PENNSYLVANIA,3.975171526418114,-3.050241506475021,7.025413032893135,Lean
2012,RHODE ISLAND,14.599272687541315,-14.4874459693355,29.086718656876815,Safe
2012,SOUTH CAROLINA,-4.013652768361115,4.830023715711934,-8.843676484073049,Lean
2012,SOUTH DAKOTA,-8.235545417370126,8.158204335391666,-16.393749752761792,Safe
2012,TENNESSEE,-9.025871181927386,9.747607179788115,-18.7734783617155,Safe
2012,TEXAS,-6.718327891961728,7.435869927906919,-14.154197819868646,Safe
2012,UTAH,-23.352020347762213,23.05942556253963,-46.41144591030184,Safe
2012,VERMONT,18.468864126659717,-18.75847230342255,37.22733643008227,Safe
2012,VIRGINIA,3.054770620496056,-2.4480046437603544,5.50277526425641,Swing
2012,WASHINGTON,8.061712123950176,-8.436486108040341,16.498198231990518,Safe
2012,WEST VIRGINIA,-12.562382019335267,12.564734879283796,-25.127116898619065,Safe
2012,WISCONSIN,4.674476359432006,-3.7927608265297117,8.467237185961718,Lean
2012,WYOMING,-20.464780060469757,18.462477646985803,-38.92725770745556,Safe
2016,ALABAMA,-9.29204436570581,12.956642560157572,-22.24868692586338,Safe
2016,ALASKA,-7.099118833567458,2.1550622732857905,-9.254181106853249,Lean
2016,ARIZONA,1.4776639521376922,-0.4548333319304432,1.9324972840681354,Swing
2016,ARKANSAS,-9.99686599431852,11.447652359576798,-21.44451835389532,Safe
2016,CALIFORNIA,18.076409480878432,-17.50934326581206,35.58575274669049,Safe
2016,COLORADO,4.506990259167948,-5.875052432820454,10.382042691988403,Lean
2016,CONNECTICUT,10.916310973030418,-8.199535425436716,19.115846398467134,Safe
2016,DELAWARE,9.703346681954738,-7.203625464932212,16.90697214688695,Safe
2016,FLORIDA,4.173325682125601,-0.1045083876607511,4.277834069786351,Swing
2016,GEORGIA,1.9899932336813697,1.6448762505195003,0.34511698316186945,Swing
2016,HAWAII,17.3308079314496,-19.686742631625926,37.017550563075524,Safe
2016,IDAHO,-16.157976302700245,10.134982564945394,-26.292958867645638,Safe
2016,ILLINOIS,12.17537657511385,-10.364696730426221,22.54007330554007,Safe
2016,INDIANA,-5.875150436927412,7.813583644159783,-13.688734081087194,Lean
2016,IOWA,-1.8974766781832075,2.0356115404258746,-3.933088218609082,Swing
2016,KANSAS,-7.597619391444955,7.528132001588084,-15.125751393033038,Safe
2016,KENTUCKY,-10.96780179003169,13.3931887476486,-24.360990537680287,Safe
2016,LOUISIANA,-5.2004240251654785,8.962234849317309,-14.162658874482787,Safe
2016,MAINE,2.6952239736295014,-5.649771719752622,8.344995693382124,Lean
2016,MARYLAND,16.678558408271194,-15.20783337236678,31.88639178063797,Safe
2016,MASSACHUSETTS,15.40007497299184,-16.840247013396343,32.24032198638818,Safe
2016,MICHIGAN,3.6245408271873893,-1.6288855842553407,5.25342641144273,Swing
2016,MINNESOTA,2.7950438380875022,-4.201256699974165,6.996300538061667,Lean
2016,MISSISSIPPI,-3.535201851895353,8.814588284584147,-12.3497901364795,Lean
2016,MISSOURI,-5.514759288442739,7.645898033910159,-13.160657322352897,Lean
2016,MONTANA,-7.714771348529103,7.339742064325694,-15.054513412854797,Safe
2016,NEBRASKA,-9.951233746543913,9.620901322874264,-19.572135069418177,Safe
2016,NEVADA,4.2678335544395924,-3.6257544866490745,7.893588041088667,Lean
2016,NEW HAMPSHIRE,3.176272546011111,-2.6677828222980704,5.844055368309181,Swing
2016,NEW JERSEY,11.803094326014751,-7.77606315422204,19.57915748023679,Safe
2016,NEW MEXICO,4.605657054954648,-9.083935471008775,13.689592525963423,Lean
2016,NEW YORK,12.48615247616951,-16.735847498508562,29.22199997467807,Safe
2016,NORTH CAROLINA,2.5228760445300313,0.7016448919289264,1.821231152601105,Swing
2016,NORTH DAKOTA,-16.423250664973438,13.829178027087796,-30.252428692061233,Safe
2016,OHIO,-0.09191384695942939,2.5612008715346968,-2.653114718494126,Swing
2016,OKLAHOMA,-14.718309839135557,16.196415015375866,-30.914724854511423,Safe
2016,OREGON,6.421861879182633,-10.032414619754732,16.454276498937364,Safe
2016,PENNSYLVANIA,4.203626040883401,-0.5485640005054748,4.752190041388876,Swing
2016,RHODE ISLAND,10.756616446695267,-10.228392304854756,20.985008751550023,Safe
2016,SOUTH CAROLINA,-2.976570334014361,5.812882881443937,-8.789453215458298,Lean
2016,SOUTH DAKOTA,-11.912561963730461,12.404300574707305,-24.316862538437768,Safe
2016,TENNESSEE,-8.933657325029355,11.595583889963123,-20.529241214992478,Safe
2016,TEXAS,-0.4147321426674899,3.1082357750838896,-3.5229679177513793,Swing
2016,UTAH,-16.188721531410437,-3.585633216151074,-12.603088315259363,Lean
2016,VERMONT,12.072751999534482,-19.367067402943405,31.439819402477887,Safe
2016,VIRGINIA,6.10136270973825,-4.698802790327456,10.800165500065706,Lean
2016,WASHINGTON,8.888689938147143,-12.29376961761403,21.182459555761174,Safe
2016,WEST VIRGINIA,-17.173062105907928,19.50412500736787,-36.67718711327579,Safe
2016,WISCONSIN,2.8038512485632108,-1.9082652369413755,4.712116485504586,Swing
2016,WYOMING,-22.02108924728642,18.271961250356917,-40.293050497643335,Safe
2020,ALABAMA,-11.124128397785766,11.999164138508277,-23.123292536294045,Safe
2020,ALASKA,-4.922166338887596,2.8006642420242533,-7.722830580911849,Lean
2020,ARIZONA,1.6705720044585148,-0.9764979978917843,2.647070002350299,Swing
2020,ARKANSAS,-12.91905665689313,12.363250827787798,-25.282307484680928,Safe
2020,CALIFORNIA,15.789828283965418,-15.711755403071603,31.50158368703702,Safe
2020,COLORADO,7.316948530745199,-8.428353393444116,15.745301924189315,Safe
2020,CONNECTICUT,11.566612905775425,-10.845360740025805,22.411973645801233,Safe
2020,DELAWARE,11.048887183733575,-10.257602257250975,21.30648944098455,Safe
2020,FLORIDA,0.16733211553414673,1.1873405941475124,-1.0200084786133656,Swing
2020,GEORGIA,1.7789371745381755,-0.7950051285653237,2.5739423031034994,Swing
2020,HAWAII,15.455261159109329,-16.077764858941705,31.533026018051032,Safe
2020,IDAHO,-14.627716455104139,13.805085803547112,-28.43280225865125,Safe
2020,ILLINOIS,9.847526766767716,-9.479028210182793,19.32655497695051,Safe
2020,INDIANA,-6.7324415501959445,6.988678737348597,-13.72112028754454,Lean
2020,IOWA,-3.0468857512443437,2.7677186035892642,-5.814604354833608,Swing
2020,KANSAS,-6.1345650710759205,6.180033805908214,-12.314598876984135,Lean
2020,KENTUCKY,-11.542603798754053,12.054092840933917,-23.59669663968797,Safe
2020,LOUISIANA,-7.842661808381885,8.428403385652006,-16.27106519403389,Safe
2020,MAINE,4.831460735864296,-6.481250917938258,11.312711653802554,Lean
2020,MARYLAND,17.66654625016902,-17.882187460607764,35.54873371077679,Safe
2020,MASSACHUSETTS,17.428865092957263,-18.124321439725566,35.55318653268283,Safe
2020,MICHIGAN,2.926699680916273,-2.195188337218906,5.121888018135179,Swing
2020,MINNESOTA,4.700980699831919,-4.747536619187153,9.448517319019071,Lean
2020,MISSISSIPPI,-6.6365121539294805,7.570475547026023,-14.206987700955503,Safe
2020,MISSOURI,-6.285336873719732,6.7671767505329665,-13.052513624252699,Lean
2020,MONTANA,-7.144749248299015,6.885990211663751,-14.030739459962767,Safe
2020,NEBRASKA,-8.52748766812012,8.191684303697688,-16.719171971817808,Safe
2020,NEVADA,2.362663347375932,-2.366231703797117,4.728895051173049,Swing
2020,NEW HAMPSHIRE,5.013706670239565,-4.676219523678926,9.689926193918492,Lean
2020,NEW JERSEY,9.64007814290489,-8.63595517100802,18.27603331391291,Safe
2020,NEW MEXICO,6.595167239664129,-6.53580978222707,13.1309770218912,Lean
2020,NEW YORK,12.697765925926813,-12.571185188265593,25.268951114192404,Safe
2020,NORTH CAROLINA,0.8920931674551491,-0.09814654006101708,0.9902397075161662,Swing
2020,NORTH DAKOTA,-15.937356250828005,15.0815697087192,-31.018925959547204,Safe
2020,OHIO,-2.4547802692030607,3.2388210725181166,-5.693601341721177,Swing
2020,OKLAHOMA,-15.407944273921458,15.340792819706428,-30.748737093627888,Safe
2020,OREGON,8.759200044140785,-9.665232982013173,18.424433026153956,Safe
2020,PENNSYLVANIA,2.3143770655400466,-1.1888669881840563,3.503244053724103,Swing
2020,RHODE ISLAND,11.782080156025481,-11.36209855678067,23.144178712806152,Safe
2020,SOUTH CAROLINA,-4.277280112094162,5.0610018888399555,-9.338282000934118,Lean
2020,SOUTH DAKOTA,-12.088866473772802,11.736910643893717,-23.82577711766652,Safe
2020,TENNESSEE,-10.2426843388844,10.627815137927287,-20.870499476811688,Safe
2020,TEXAS,-1.2151086960375812,2.0251245751961244,-3.2402332712337056,Swing
2020,UTAH,-10.04807002660203,8.09736000156307,-18.1454300281651,Safe
2020,VERMONT,17.761661942592394,-19.651421902135397,37.413083844727794,Safe
2020,VIRGINIA,6.415398567894331,-6.036975361074387,12.452373928968719,Lean
2020,WASHINGTON,10.276182525394967,-11.265501285013253,21.54168381040822,Safe
2020,WEST VIRGINIA,-17.997597365388486,18.59907289625954,-36.59667026164803,Safe
2020,WISCONSIN,1.755418251519647,-1.2100417087477056,2.965459960267353,Swing
2020,WYOMING,-21.30625205191769,19.467310920046188,-40.77356297196388,Safe
